week,home,away,company,win_odds,draw_odds,lose_odds,odds_delta_time,result
35,JUV,TOR,Bet365,1.61,3.75,6.00,310.0,D
35,JUV,TOR,Bet365,1.66,3.60,5.75,371.0,D
35,JUV,TOR,Bet365,1.61,3.75,6.00,1622.0,D
35,JUV,TOR,Bet365,1.70,3.60,5.50,2504.0,D
35,JUV,TOR,Bet365,1.65,3.60,5.50,5860.0,D
35,JUV,TOR,Bet365,1.66,3.75,5.00,7109.0,D
35,JUV,TOR,Bet365,1.70,3.75,4.75,8436.0,D
35,JUV,TOR,Bet365,1.72,3.60,4.75,8518.0,D
35,JUV,TOR,Bet365,1.75,3.60,4.75,11658.0,D
35,JUV,TOR,Bet365,1.80,3.50,4.50,14378.0,D
35,JUV,TOR,WilliamHill,1.57,3.90,6.50,3.0,D
35,JUV,TOR,WilliamHill,1.57,3.80,6.50,19.0,D
35,JUV,TOR,WilliamHill,1.60,3.80,6.00,23.0,D
35,JUV,TOR,WilliamHill,1.61,3.80,6.00,27.0,D
35,JUV,TOR,WilliamHill,1.61,3.75,6.00,31.0,D
35,JUV,TOR,WilliamHill,1.63,3.70,6.00,42.0,D
35,JUV,TOR,WilliamHill,1.65,3.70,5.80,46.0,D
35,JUV,TOR,WilliamHill,1.65,3.60,6.00,54.0,D
35,JUV,TOR,WilliamHill,1.63,3.70,6.00,78.0,D
35,JUV,TOR,WilliamHill,1.63,3.60,6.00,82.0,D
35,JUV,TOR,WilliamHill,1.63,3.70,6.00,90.0,D
35,JUV,TOR,WilliamHill,1.63,3.60,6.00,111.0,D
35,JUV,TOR,WilliamHill,1.63,3.70,6.00,120.0,D
35,JUV,TOR,WilliamHill,1.65,3.60,6.00,125.0,D
35,JUV,TOR,WilliamHill,1.63,3.60,6.00,172.0,D
35,JUV,TOR,WilliamHill,1.65,3.60,6.00,243.0,D
35,JUV,TOR,WilliamHill,1.63,3.70,6.00,299.0,D
35,JUV,TOR,WilliamHill,1.65,3.70,5.80,304.0,D
35,JUV,TOR,WilliamHill,1.65,3.60,6.00,308.0,D
35,JUV,TOR,WilliamHill,1.67,3.60,5.80,438.0,D
35,JUV,TOR,WilliamHill,1.65,3.60,6.00,513.0,D
35,JUV,TOR,WilliamHill,1.67,3.60,5.80,520.0,D
35,JUV,TOR,WilliamHill,1.65,3.60,6.00,586.0,D
35,JUV,TOR,WilliamHill,1.67,3.60,5.80,615.0,D
35,JUV,TOR,WilliamHill,1.65,3.60,6.00,683.0,D
35,JUV,TOR,WilliamHill,1.63,3.70,6.00,690.0,D
35,JUV,TOR,WilliamHill,1.65,3.70,5.80,697.0,D
35,JUV,TOR,WilliamHill,1.65,3.60,6.00,700.0,D
35,JUV,TOR,WilliamHill,1.63,3.70,6.00,704.0,D
35,JUV,TOR,WilliamHill,1.65,3.70,5.80,732.0,D
35,JUV,TOR,WilliamHill,1.63,3.70,6.00,736.0,D
35,JUV,TOR,WilliamHill,1.65,3.70,5.80,753.0,D
35,JUV,TOR,WilliamHill,1.63,3.70,6.00,760.0,D
35,JUV,TOR,WilliamHill,1.65,3.70,5.80,770.0,D
35,JUV,TOR,WilliamHill,1.63,3.70,6.00,1597.0,D
35,JUV,TOR,WilliamHill,1.63,3.75,5.80,1601.0,D
35,JUV,TOR,WilliamHill,1.65,3.70,5.80,1633.0,D
35,JUV,TOR,WilliamHill,1.67,3.70,5.50,1637.0,D
35,JUV,TOR,WilliamHill,1.67,3.60,5.80,2305.0,D
35,JUV,TOR,WilliamHill,1.70,3.60,5.50,5559.0,D
35,JUV,TOR,WilliamHill,1.73,3.60,5.25,5562.0,D
35,JUV,TOR,WilliamHill,1.70,3.60,5.50,5767.0,D
35,JUV,TOR,WilliamHill,1.67,3.70,5.50,5872.0,D
35,JUV,TOR,WilliamHill,1.65,3.70,5.80,5872.0,D
35,JUV,TOR,WilliamHill,1.63,3.75,5.80,6525.0,D
35,JUV,TOR,WilliamHill,1.61,3.75,6.00,6527.0,D
35,JUV,TOR,WilliamHill,1.60,3.80,6.00,6797.0,D
35,JUV,TOR,WilliamHill,1.61,3.80,5.80,6894.0,D
35,JUV,TOR,WilliamHill,1.65,3.80,5.50,6931.0,D
35,JUV,TOR,WilliamHill,1.65,3.75,5.50,7201.0,D
35,JUV,TOR,WilliamHill,1.67,3.75,5.50,7219.0,D
35,JUV,TOR,WilliamHill,1.65,3.80,5.50,7242.0,D
35,JUV,TOR,WilliamHill,1.65,3.75,5.50,7244.0,D
35,JUV,TOR,WilliamHill,1.70,3.70,5.25,7865.0,D
35,JUV,TOR,WilliamHill,1.70,3.60,5.50,8440.0,D
35,JUV,TOR,WilliamHill,1.75,3.50,5.25,8521.0,D
35,JUV,TOR,WilliamHill,1.78,3.40,5.25,8524.0,D
35,JUV,TOR,WilliamHill,1.80,3.40,5.00,8531.0,D
35,JUV,TOR,WilliamHill,1.78,3.40,5.25,8550.0,D
35,JUV,TOR,WilliamHill,1.80,3.40,5.00,9114.0,D
35,JUV,TOR,WilliamHill,1.83,3.30,5.00,10069.0,D
35,JUV,TOR,WilliamHill,1.80,3.40,5.00,12672.0,D
35,JUV,TOR,WilliamHill,1.83,3.40,4.80,12675.0,D
35,JUV,TOR,WilliamHill,1.80,3.40,5.00,13467.0,D
35,JUV,TOR,WilliamHill,1.83,3.40,4.75,13707.0,D
35,JUV,TOR,WilliamHill,1.85,3.40,4.60,14186.0,D
35,JUV,TOR,WilliamHill,1.85,3.30,4.75,14206.0,D
35,JUV,TOR,WilliamHill,1.95,3.40,4.20,14212.0,D
35,JUV,TOR,WilliamHill,1.85,3.30,4.75,14343.0,D
35,JUV,TOR,WilliamHill,1.95,3.50,3.90,14396.0,D
35,JUV,TOR,WilliamHill,1.85,3.30,4.80,14422.0,D
35,JUV,TOR,WilliamHill,1.83,3.30,5.00,14438.0,D
35,JUV,TOR,WilliamHill,1.85,3.30,4.80,14466.0,D
35,JUV,TOR,Bwin,1.62,3.70,6.00,153.0,D
35,JUV,TOR,Bwin,1.67,3.60,5.75,402.0,D
35,JUV,TOR,Bwin,1.62,3.70,6.00,840.0,D
35,JUV,TOR,Bwin,1.60,3.60,6.00,931.0,D
35,JUV,TOR,Bwin,1.67,3.60,5.25,7191.0,D
35,JUV,TOR,Bwin,1.70,3.50,5.00,7418.0,D
35,JUV,TOR,12Bet,1.56,3.80,6.70,1.0,D
35,JUV,TOR,12Bet,1.56,3.85,6.60,2.0,D
35,JUV,TOR,12Bet,1.58,3.80,6.50,3.0,D
35,JUV,TOR,12Bet,1.59,3.80,6.30,4.0,D
35,JUV,TOR,12Bet,1.56,3.85,6.60,5.0,D
35,JUV,TOR,12Bet,1.56,3.80,6.70,7.0,D
35,JUV,TOR,12Bet,1.58,3.80,6.50,12.0,D
35,JUV,TOR,12Bet,1.59,3.75,6.40,13.0,D
35,JUV,TOR,12Bet,1.56,3.80,6.70,17.0,D
35,JUV,TOR,12Bet,1.58,3.80,6.50,18.0,D
35,JUV,TOR,12Bet,1.59,3.75,6.40,24.0,D
35,JUV,TOR,12Bet,1.58,3.80,6.50,27.0,D
35,JUV,TOR,12Bet,1.59,3.75,6.40,29.0,D
35,JUV,TOR,12Bet,1.62,3.70,6.10,30.0,D
35,JUV,TOR,12Bet,1.65,3.65,5.90,30.0,D
35,JUV,TOR,12Bet,1.63,3.70,6.00,32.0,D
35,JUV,TOR,12Bet,1.65,3.65,5.90,36.0,D
35,JUV,TOR,12Bet,1.63,3.70,6.00,39.0,D
35,JUV,TOR,12Bet,1.65,3.65,5.90,39.0,D
35,JUV,TOR,12Bet,1.63,3.70,6.00,43.0,D
35,JUV,TOR,12Bet,1.62,3.70,6.10,46.0,D
35,JUV,TOR,12Bet,1.63,3.70,6.00,47.0,D
35,JUV,TOR,12Bet,1.65,3.70,5.80,54.0,D
35,JUV,TOR,12Bet,1.66,3.65,5.70,56.0,D
35,JUV,TOR,12Bet,1.65,3.70,5.80,62.0,D
35,JUV,TOR,12Bet,1.66,3.65,5.70,63.0,D
35,JUV,TOR,12Bet,1.65,3.70,5.80,64.0,D
35,JUV,TOR,12Bet,1.63,3.70,5.90,69.0,D
35,JUV,TOR,12Bet,1.62,3.70,6.10,69.0,D
35,JUV,TOR,12Bet,1.63,3.70,5.90,72.0,D
35,JUV,TOR,12Bet,1.65,3.70,5.80,74.0,D
35,JUV,TOR,12Bet,1.63,3.70,5.90,85.0,D
35,JUV,TOR,12Bet,1.65,3.70,5.80,88.0,D
35,JUV,TOR,12Bet,1.63,3.70,5.90,89.0,D
35,JUV,TOR,12Bet,1.65,3.70,5.80,91.0,D
35,JUV,TOR,12Bet,1.63,3.70,5.90,95.0,D
35,JUV,TOR,12Bet,1.65,3.70,5.80,111.0,D
35,JUV,TOR,12Bet,1.63,3.70,5.90,113.0,D
35,JUV,TOR,12Bet,1.65,3.70,5.80,144.0,D
35,JUV,TOR,12Bet,1.63,3.70,5.90,145.0,D
35,JUV,TOR,12Bet,1.65,3.70,5.80,161.0,D
35,JUV,TOR,12Bet,1.63,3.70,6.00,162.0,D
35,JUV,TOR,12Bet,1.65,3.65,5.90,163.0,D
35,JUV,TOR,12Bet,1.63,3.70,6.00,166.0,D
35,JUV,TOR,12Bet,1.65,3.65,5.90,173.0,D
35,JUV,TOR,12Bet,1.63,3.70,6.00,177.0,D
35,JUV,TOR,12Bet,1.65,3.65,5.90,183.0,D
35,JUV,TOR,12Bet,1.66,3.60,5.90,184.0,D
35,JUV,TOR,12Bet,1.67,3.60,5.90,193.0,D
35,JUV,TOR,12Bet,1.68,3.60,5.70,196.0,D
35,JUV,TOR,12Bet,1.69,3.60,5.40,201.0,D
35,JUV,TOR,12Bet,1.69,3.65,5.40,202.0,D
35,JUV,TOR,12Bet,1.68,3.65,5.50,204.0,D
35,JUV,TOR,12Bet,1.68,3.55,5.80,207.0,D
35,JUV,TOR,12Bet,1.67,3.50,5.90,208.0,D
35,JUV,TOR,12Bet,1.69,3.50,5.80,213.0,D
35,JUV,TOR,12Bet,1.67,3.50,5.90,215.0,D
35,JUV,TOR,12Bet,1.69,3.50,5.80,219.0,D
35,JUV,TOR,12Bet,1.67,3.50,5.90,221.0,D
35,JUV,TOR,12Bet,1.69,3.50,5.80,225.0,D
35,JUV,TOR,12Bet,1.67,3.50,5.90,225.0,D
35,JUV,TOR,12Bet,1.69,3.50,5.80,268.0,D
35,JUV,TOR,12Bet,1.68,3.55,5.90,276.0,D
35,JUV,TOR,12Bet,1.69,3.50,5.80,277.0,D
35,JUV,TOR,12Bet,1.68,3.55,5.90,283.0,D
35,JUV,TOR,12Bet,1.67,3.50,6.00,287.0,D
35,JUV,TOR,12Bet,1.67,3.45,6.00,289.0,D
35,JUV,TOR,12Bet,1.67,3.45,6.10,302.0,D
35,JUV,TOR,12Bet,1.66,3.50,6.10,303.0,D
35,JUV,TOR,12Bet,1.66,3.55,6.00,313.0,D
35,JUV,TOR,12Bet,1.66,3.55,5.90,316.0,D
35,JUV,TOR,12Bet,1.68,3.55,5.80,318.0,D
35,JUV,TOR,12Bet,1.69,3.55,5.70,357.0,D
35,JUV,TOR,12Bet,1.70,3.50,5.60,357.0,D
35,JUV,TOR,12Bet,1.72,3.50,5.50,376.0,D
35,JUV,TOR,12Bet,1.70,3.50,5.60,377.0,D
35,JUV,TOR,12Bet,1.72,3.50,5.50,400.0,D
35,JUV,TOR,12Bet,1.70,3.50,5.60,403.0,D
35,JUV,TOR,12Bet,1.72,3.50,5.50,418.0,D
35,JUV,TOR,12Bet,1.70,3.50,5.60,420.0,D
35,JUV,TOR,12Bet,1.72,3.50,5.50,426.0,D
35,JUV,TOR,12Bet,1.70,3.50,5.60,455.0,D
35,JUV,TOR,12Bet,1.69,3.50,5.70,470.0,D
35,JUV,TOR,12Bet,1.69,3.50,5.80,512.0,D
35,JUV,TOR,12Bet,1.69,3.50,5.70,527.0,D
35,JUV,TOR,12Bet,1.68,3.55,5.80,528.0,D
35,JUV,TOR,12Bet,1.70,3.50,5.60,529.0,D
35,JUV,TOR,12Bet,1.72,3.50,5.50,529.0,D
35,JUV,TOR,12Bet,1.70,3.50,5.60,543.0,D
35,JUV,TOR,12Bet,1.70,3.50,5.70,546.0,D
35,JUV,TOR,12Bet,1.70,3.50,5.60,549.0,D
35,JUV,TOR,12Bet,1.70,3.50,5.70,554.0,D
35,JUV,TOR,12Bet,1.70,3.50,5.60,556.0,D
35,JUV,TOR,12Bet,1.70,3.50,5.70,558.0,D
35,JUV,TOR,12Bet,1.69,3.55,5.70,559.0,D
35,JUV,TOR,12Bet,1.68,3.55,5.80,560.0,D
35,JUV,TOR,12Bet,1.70,3.50,5.60,562.0,D
35,JUV,TOR,12Bet,1.71,3.50,5.60,563.0,D
35,JUV,TOR,12Bet,1.72,3.50,5.50,565.0,D
35,JUV,TOR,12Bet,1.71,3.50,5.60,573.0,D
35,JUV,TOR,12Bet,1.72,3.50,5.50,577.0,D
35,JUV,TOR,12Bet,1.70,3.50,5.60,581.0,D
35,JUV,TOR,12Bet,1.70,3.50,5.70,585.0,D
35,JUV,TOR,12Bet,1.70,3.50,5.60,595.0,D
35,JUV,TOR,12Bet,1.71,3.50,5.60,598.0,D
35,JUV,TOR,12Bet,1.70,3.50,5.60,600.0,D
35,JUV,TOR,12Bet,1.70,3.50,5.70,612.0,D
35,JUV,TOR,12Bet,1.71,3.50,5.50,613.0,D
35,JUV,TOR,12Bet,1.70,3.50,5.60,625.0,D
35,JUV,TOR,12Bet,1.69,3.55,5.70,631.0,D
35,JUV,TOR,12Bet,1.70,3.55,5.60,642.0,D
35,JUV,TOR,12Bet,1.70,3.50,5.70,645.0,D
35,JUV,TOR,12Bet,1.69,3.55,5.70,672.0,D
35,JUV,TOR,12Bet,1.68,3.55,5.80,682.0,D
35,JUV,TOR,12Bet,1.69,3.55,5.70,726.0,D
35,JUV,TOR,12Bet,1.70,3.50,5.70,737.0,D
35,JUV,TOR,12Bet,1.69,3.55,5.70,751.0,D
35,JUV,TOR,12Bet,1.68,3.55,5.80,755.0,D
35,JUV,TOR,12Bet,1.67,3.55,5.90,756.0,D
35,JUV,TOR,12Bet,1.68,3.55,5.80,924.0,D
35,JUV,TOR,12Bet,1.70,3.50,5.70,928.0,D
35,JUV,TOR,12Bet,1.69,3.50,5.70,929.0,D
35,JUV,TOR,12Bet,1.68,3.55,5.80,931.0,D
35,JUV,TOR,12Bet,1.70,3.50,5.70,932.0,D
35,JUV,TOR,12Bet,1.68,3.55,5.80,937.0,D
35,JUV,TOR,12Bet,1.68,3.55,5.90,941.0,D
35,JUV,TOR,12Bet,1.70,3.50,5.70,942.0,D
35,JUV,TOR,12Bet,1.69,3.50,5.80,943.0,D
35,JUV,TOR,12Bet,1.68,3.55,5.90,964.0,D
35,JUV,TOR,12Bet,1.67,3.55,5.90,967.0,D
35,JUV,TOR,12Bet,1.66,3.55,6.00,1096.0,D
35,JUV,TOR,12Bet,1.65,3.40,5.70,1288.0,D
35,JUV,TOR,12Bet,1.67,3.40,5.60,1429.0,D
35,JUV,TOR,12Bet,1.66,3.40,5.70,1592.0,D
35,JUV,TOR,12Bet,1.65,3.45,5.70,1632.0,D
35,JUV,TOR,12Bet,1.67,3.40,5.60,1636.0,D
35,JUV,TOR,12Bet,1.70,3.35,5.30,1895.0,D
35,JUV,TOR,12Bet,1.69,3.35,5.40,2330.0,D
35,JUV,TOR,12Bet,1.71,3.35,5.30,4713.0,D
35,JUV,TOR,12Bet,1.72,3.35,5.20,4785.0,D
35,JUV,TOR,12Bet,1.72,3.35,5.10,5558.0,D
35,JUV,TOR,12Bet,1.74,3.35,5.00,5747.0,D
35,JUV,TOR,12Bet,1.72,3.35,5.10,5861.0,D
35,JUV,TOR,12Bet,1.71,3.40,5.20,5871.0,D
35,JUV,TOR,12Bet,1.68,3.40,5.40,6132.0,D
35,JUV,TOR,12Bet,1.67,3.45,5.50,6528.0,D
35,JUV,TOR,12Bet,1.64,3.50,5.80,6930.0,D
35,JUV,TOR,12Bet,1.67,3.45,5.50,7102.0,D
35,JUV,TOR,12Bet,1.61,3.65,4.90,7107.0,D
35,JUV,TOR,12Bet,1.60,3.65,5.00,7245.0,D
35,JUV,TOR,12Bet,1.64,3.60,4.75,7496.0,D
35,JUV,TOR,12Bet,1.65,3.60,4.70,7571.0,D
35,JUV,TOR,12Bet,1.68,3.55,4.55,7788.0,D
35,JUV,TOR,12Bet,1.65,3.60,4.70,8317.0,D
35,JUV,TOR,12Bet,1.63,3.60,4.80,8441.0,D
35,JUV,TOR,12Bet,1.63,3.55,4.90,8441.0,D
35,JUV,TOR,12Bet,1.67,3.50,4.65,8501.0,D
35,JUV,TOR,12Bet,1.72,3.45,4.40,8553.0,D
35,JUV,TOR,12Bet,1.77,3.40,4.15,9122.0,D
35,JUV,TOR,12Bet,1.80,3.40,4.00,9205.0,D
35,JUV,TOR,12Bet,1.81,3.40,3.95,10071.0,D
35,JUV,TOR,12Bet,1.77,3.40,4.15,10283.0,D
35,JUV,TOR,12Bet,1.76,3.40,4.20,11042.0,D
35,JUV,TOR,12Bet,1.73,3.45,4.30,11225.0,D
35,JUV,TOR,12Bet,1.72,3.45,4.35,11226.0,D
35,JUV,TOR,12Bet,1.78,3.40,4.05,11453.0,D
35,JUV,TOR,12Bet,1.81,3.40,3.95,12673.0,D
35,JUV,TOR,12Bet,1.81,3.35,4.00,12674.0,D
35,JUV,TOR,12Bet,1.84,3.30,3.90,14173.0,D
35,JUV,TOR,12Bet,1.84,3.35,3.85,14206.0,D
35,JUV,TOR,12Bet,1.84,3.35,3.80,14208.0,D
35,JUV,TOR,12Bet,1.89,3.35,3.65,14395.0,D
35,CHI,SPA,Bet365,3.80,3.10,2.10,48.0,L
35,CHI,SPA,Bet365,3.60,3.10,2.20,48.0,L
35,CHI,SPA,Bet365,3.40,3.10,2.30,50.0,L
35,CHI,SPA,Bet365,3.20,3.10,2.45,415.0,L
35,CHI,SPA,Bet365,3.25,3.10,2.37,417.0,L
35,CHI,SPA,Bet365,3.20,3.10,2.45,418.0,L
35,CHI,SPA,Bet365,3.25,3.10,2.37,427.0,L
35,CHI,SPA,Bet365,3.40,3.10,2.30,429.0,L
35,CHI,SPA,Bet365,3.25,3.10,2.37,429.0,L
35,CHI,SPA,Bet365,3.40,3.10,2.30,644.0,L
35,CHI,SPA,Bet365,3.20,3.10,2.45,645.0,L
35,CHI,SPA,Bet365,3.40,3.10,2.30,646.0,L
35,CHI,SPA,Bet365,3.20,3.10,2.45,3793.0,L
35,CHI,SPA,Bet365,3.10,3.10,2.40,5468.0,L
35,CHI,SPA,Bet365,3.10,3.30,2.30,6695.0,L
35,CHI,SPA,Bet365,3.20,3.40,2.25,7283.0,L
35,CHI,SPA,Bet365,3.40,3.40,2.15,7638.0,L
35,CHI,SPA,Bet365,3.60,3.40,2.10,8694.0,L
35,CHI,SPA,Bet365,3.70,3.40,2.00,8737.0,L
35,CHI,SPA,Bet365,3.50,3.40,2.05,15667.0,L
35,CHI,SPA,WilliamHill,3.75,3.10,2.15,4.0,L
35,CHI,SPA,WilliamHill,3.70,3.10,2.20,19.0,L
35,CHI,SPA,WilliamHill,3.60,3.10,2.25,32.0,L
35,CHI,SPA,WilliamHill,3.50,3.10,2.25,42.0,L
35,CHI,SPA,WilliamHill,3.40,3.10,2.30,48.0,L
35,CHI,SPA,WilliamHill,3.10,3.10,2.45,58.0,L
35,CHI,SPA,WilliamHill,3.10,3.10,2.50,121.0,L
35,CHI,SPA,WilliamHill,3.10,3.00,2.55,202.0,L
35,CHI,SPA,WilliamHill,3.10,3.10,2.50,207.0,L
35,CHI,SPA,WilliamHill,3.10,3.00,2.55,215.0,L
35,CHI,SPA,WilliamHill,3.00,3.10,2.55,360.0,L
35,CHI,SPA,WilliamHill,3.10,3.10,2.45,376.0,L
35,CHI,SPA,WilliamHill,3.20,3.00,2.45,419.0,L
35,CHI,SPA,WilliamHill,3.20,3.10,2.40,545.0,L
35,CHI,SPA,WilliamHill,3.25,3.10,2.37,731.0,L
35,CHI,SPA,WilliamHill,3.30,3.10,2.35,1176.0,L
35,CHI,SPA,WilliamHill,3.25,3.10,2.37,1813.0,L
35,CHI,SPA,WilliamHill,3.30,3.10,2.35,1932.0,L
35,CHI,SPA,WilliamHill,3.25,3.10,2.37,3339.0,L
35,CHI,SPA,WilliamHill,3.30,3.10,2.35,4200.0,L
35,CHI,SPA,WilliamHill,3.25,3.10,2.37,4989.0,L
35,CHI,SPA,WilliamHill,3.30,3.10,2.35,6941.0,L
35,CHI,SPA,WilliamHill,3.40,3.10,2.30,7629.0,L
35,CHI,SPA,WilliamHill,3.50,3.10,2.25,7642.0,L
35,CHI,SPA,WilliamHill,3.40,3.20,2.25,8079.0,L
35,CHI,SPA,WilliamHill,3.50,3.20,2.20,8381.0,L
35,CHI,SPA,WilliamHill,3.40,3.20,2.25,8400.0,L
35,CHI,SPA,WilliamHill,3.50,3.20,2.20,8636.0,L
35,CHI,SPA,WilliamHill,3.60,3.25,2.15,8695.0,L
35,CHI,SPA,WilliamHill,3.60,3.20,2.20,8699.0,L
35,CHI,SPA,WilliamHill,3.70,3.25,2.10,8743.0,L
35,CHI,SPA,WilliamHill,3.60,3.25,2.15,8920.0,L
35,CHI,SPA,WilliamHill,3.60,3.30,2.15,8931.0,L
35,CHI,SPA,WilliamHill,3.70,3.30,2.10,13317.0,L
35,CHI,SPA,WilliamHill,3.40,3.40,2.15,15650.0,L
35,CHI,SPA,WilliamHill,3.50,3.50,2.10,15685.0,L
35,CHI,SPA,WilliamHill,3.40,3.40,2.15,15755.0,L
35,CHI,SPA,Bwin,3.50,3.10,2.25,16.0,L
35,CHI,SPA,Bwin,3.10,3.10,2.50,269.0,L
35,CHI,SPA,Bwin,3.25,3.10,2.40,2087.0,L
35,CHI,SPA,Bwin,3.20,3.10,2.30,6876.0,L
35,CHI,SPA,Bwin,3.30,3.20,2.20,7629.0,L
35,CHI,SPA,Bwin,3.50,3.20,2.10,8687.0,L
35,CHI,SPA,12Bet,3.55,3.05,2.27,2.0,L
35,CHI,SPA,12Bet,3.60,3.10,2.23,4.0,L
35,CHI,SPA,12Bet,3.65,3.10,2.20,5.0,L
35,CHI,SPA,12Bet,3.60,3.10,2.23,15.0,L
35,CHI,SPA,12Bet,3.65,3.10,2.20,17.0,L
35,CHI,SPA,12Bet,3.60,3.10,2.23,22.0,L
35,CHI,SPA,12Bet,3.55,3.10,2.23,23.0,L
35,CHI,SPA,12Bet,3.65,3.10,2.20,27.0,L
35,CHI,SPA,12Bet,3.60,3.10,2.23,28.0,L
35,CHI,SPA,12Bet,3.65,3.10,2.20,29.0,L
35,CHI,SPA,12Bet,3.60,3.10,2.23,33.0,L
35,CHI,SPA,12Bet,3.50,3.10,2.26,34.0,L
35,CHI,SPA,12Bet,3.50,3.10,2.27,38.0,L
35,CHI,SPA,12Bet,3.60,3.10,2.23,45.0,L
35,CHI,SPA,12Bet,3.50,3.10,2.27,46.0,L
35,CHI,SPA,12Bet,3.60,3.10,2.23,47.0,L
35,CHI,SPA,12Bet,3.60,3.20,2.18,49.0,L
35,CHI,SPA,12Bet,3.60,3.20,2.19,51.0,L
35,CHI,SPA,12Bet,3.35,3.05,2.37,52.0,L
35,CHI,SPA,12Bet,3.20,3.00,2.44,53.0,L
35,CHI,SPA,12Bet,3.20,3.00,2.46,54.0,L
35,CHI,SPA,12Bet,3.15,3.00,2.50,58.0,L
35,CHI,SPA,12Bet,3.10,3.00,2.53,117.0,L
35,CHI,SPA,12Bet,3.10,3.00,2.54,144.0,L
35,CHI,SPA,12Bet,3.10,3.00,2.52,149.0,L
35,CHI,SPA,12Bet,3.10,3.00,2.54,187.0,L
35,CHI,SPA,12Bet,3.10,3.00,2.53,195.0,L
35,CHI,SPA,12Bet,3.10,3.00,2.52,203.0,L
35,CHI,SPA,12Bet,3.10,3.00,2.55,207.0,L
35,CHI,SPA,12Bet,3.10,3.00,2.53,239.0,L
35,CHI,SPA,12Bet,3.10,3.00,2.55,264.0,L
35,CHI,SPA,12Bet,3.05,3.00,2.54,281.0,L
35,CHI,SPA,12Bet,3.10,3.00,2.55,302.0,L
35,CHI,SPA,12Bet,3.10,3.00,2.53,339.0,L
35,CHI,SPA,12Bet,3.10,3.00,2.55,360.0,L
35,CHI,SPA,12Bet,3.10,3.00,2.54,375.0,L
35,CHI,SPA,12Bet,3.10,3.00,2.51,387.0,L
35,CHI,SPA,12Bet,3.10,3.00,2.52,396.0,L
35,CHI,SPA,12Bet,3.20,3.00,2.47,407.0,L
35,CHI,SPA,12Bet,3.20,3.05,2.45,410.0,L
35,CHI,SPA,12Bet,3.25,3.05,2.44,421.0,L
35,CHI,SPA,12Bet,3.30,3.05,2.41,442.0,L
35,CHI,SPA,12Bet,3.25,3.05,2.42,453.0,L
35,CHI,SPA,12Bet,3.20,3.05,2.45,461.0,L
35,CHI,SPA,12Bet,3.25,3.05,2.42,474.0,L
35,CHI,SPA,12Bet,3.30,3.05,2.39,918.0,L
35,CHI,SPA,12Bet,3.25,3.00,2.34,1046.0,L
35,CHI,SPA,12Bet,3.20,3.00,2.35,1439.0,L
35,CHI,SPA,12Bet,3.20,3.00,2.34,2055.0,L
35,CHI,SPA,12Bet,3.20,3.05,2.33,5620.0,L
35,CHI,SPA,12Bet,3.15,3.10,2.33,6839.0,L
35,CHI,SPA,12Bet,3.10,3.10,2.36,7326.0,L
35,CHI,SPA,12Bet,3.05,3.15,2.36,7327.0,L
35,CHI,SPA,12Bet,3.20,3.15,2.28,8390.0,L
35,CHI,SPA,12Bet,3.15,3.20,2.28,8391.0,L
35,CHI,SPA,12Bet,3.15,3.20,2.11,8396.0,L
35,CHI,SPA,12Bet,3.20,3.20,2.10,8666.0,L
35,CHI,SPA,12Bet,3.30,3.20,2.05,8702.0,L
35,CHI,SPA,12Bet,3.40,3.25,2.01,8705.0,L
35,CHI,SPA,12Bet,3.55,3.25,1.95,8746.0,L
35,CHI,SPA,12Bet,3.30,3.20,2.04,12959.0,L
35,CHI,SPA,12Bet,3.40,3.25,2.00,13316.0,L
35,CHI,SPA,12Bet,3.50,3.25,1.96,13318.0,L
35,CHI,SPA,12Bet,3.35,3.20,2.02,13322.0,L
35,CHI,SPA,12Bet,3.20,3.20,2.09,14578.0,L
35,CHI,SPA,12Bet,3.25,3.20,2.07,14878.0,L
35,CHI,SPA,12Bet,3.35,3.20,2.02,15461.0,L
35,CHI,SPA,12Bet,3.40,3.20,2.03,15461.0,L
35,CHI,SPA,12Bet,3.35,3.25,2.02,15493.0,L
35,CHI,SPA,12Bet,3.30,3.30,2.02,15651.0,L
35,CHI,SPA,12Bet,3.40,3.30,1.97,15652.0,L
35,CHI,SPA,12Bet,3.45,3.30,1.96,15684.0,L
35,UDI,INT,Bet365,5.25,4.00,1.65,119.0,D
35,UDI,INT,Bet365,5.25,3.80,1.66,120.0,D
35,UDI,INT,Bet365,5.25,4.00,1.65,122.0,D
35,UDI,INT,Bet365,5.25,3.80,1.66,2789.0,D
35,UDI,INT,Bet365,5.00,3.80,1.70,3944.0,D
35,UDI,INT,Bet365,5.00,3.75,1.66,15818.0,D
35,UDI,INT,WilliamHill,5.50,3.80,1.65,3.0,D
35,UDI,INT,WilliamHill,5.25,3.80,1.67,8.0,D
35,UDI,INT,WilliamHill,5.50,3.80,1.65,11.0,D
35,UDI,INT,WilliamHill,5.25,3.80,1.67,47.0,D
35,UDI,INT,WilliamHill,5.25,3.90,1.65,336.0,D
35,UDI,INT,WilliamHill,5.25,3.80,1.67,348.0,D
35,UDI,INT,WilliamHill,5.25,3.90,1.65,375.0,D
35,UDI,INT,WilliamHill,5.25,3.80,1.67,680.0,D
35,UDI,INT,WilliamHill,5.25,3.90,1.65,1229.0,D
35,UDI,INT,WilliamHill,5.50,3.90,1.63,1252.0,D
35,UDI,INT,WilliamHill,5.25,3.90,1.65,2605.0,D
35,UDI,INT,WilliamHill,5.25,4.00,1.65,2779.0,D
35,UDI,INT,WilliamHill,5.00,4.00,1.67,2785.0,D
35,UDI,INT,WilliamHill,5.00,3.90,1.70,2936.0,D
35,UDI,INT,WilliamHill,5.00,4.00,1.67,2989.0,D
35,UDI,INT,WilliamHill,4.80,3.90,1.70,3106.0,D
35,UDI,INT,WilliamHill,4.80,3.80,1.73,3403.0,D
35,UDI,INT,WilliamHill,4.80,3.75,1.73,3411.0,D
35,UDI,INT,WilliamHill,4.80,3.80,1.73,3901.0,D
35,UDI,INT,WilliamHill,5.00,3.75,1.73,4289.0,D
35,UDI,INT,WilliamHill,4.80,3.80,1.73,5758.0,D
35,UDI,INT,WilliamHill,5.00,3.80,1.70,5775.0,D
35,UDI,INT,WilliamHill,4.80,3.90,1.70,7272.0,D
35,UDI,INT,WilliamHill,5.00,4.00,1.67,8546.0,D
35,UDI,INT,WilliamHill,4.80,4.00,1.70,8551.0,D
35,UDI,INT,WilliamHill,5.00,4.00,1.67,9512.0,D
35,UDI,INT,WilliamHill,4.80,4.00,1.70,9936.0,D
35,UDI,INT,WilliamHill,4.75,4.00,1.70,9939.0,D
35,UDI,INT,WilliamHill,4.75,3.90,1.73,9943.0,D
35,UDI,INT,WilliamHill,4.75,3.80,1.73,9946.0,D
35,UDI,INT,WilliamHill,4.60,3.90,1.73,13111.0,D
35,UDI,INT,WilliamHill,4.75,3.80,1.73,14741.0,D
35,UDI,INT,WilliamHill,4.60,3.90,1.73,14854.0,D
35,UDI,INT,WilliamHill,4.75,3.90,1.73,14903.0,D
35,UDI,INT,WilliamHill,5.00,3.90,1.70,14957.0,D
35,UDI,INT,WilliamHill,5.00,3.80,1.70,15612.0,D
35,UDI,INT,WilliamHill,5.25,3.90,1.67,15783.0,D
35,UDI,INT,WilliamHill,4.80,3.90,1.70,15906.0,D
35,UDI,INT,Bwin,5.25,3.80,1.67,2232.0,D
35,UDI,INT,Bwin,4.75,3.80,1.67,8831.0,D
35,UDI,INT,12Bet,5.10,3.80,1.68,3.0,D
35,UDI,INT,12Bet,5.00,3.80,1.70,3.0,D
35,UDI,INT,12Bet,4.90,3.80,1.71,4.0,D
35,UDI,INT,12Bet,4.75,3.80,1.73,4.0,D
35,UDI,INT,12Bet,4.70,3.80,1.73,8.0,D
35,UDI,INT,12Bet,4.85,3.85,1.71,13.0,D
35,UDI,INT,12Bet,4.70,3.80,1.73,32.0,D
35,UDI,INT,12Bet,4.85,3.85,1.71,33.0,D
35,UDI,INT,12Bet,4.80,3.85,1.71,55.0,D
35,UDI,INT,12Bet,4.95,3.90,1.69,76.0,D
35,UDI,INT,12Bet,4.95,3.85,1.69,86.0,D
35,UDI,INT,12Bet,5.00,3.85,1.69,130.0,D
35,UDI,INT,12Bet,4.95,3.85,1.69,133.0,D
35,UDI,INT,12Bet,4.85,3.85,1.71,139.0,D
35,UDI,INT,12Bet,4.95,3.85,1.69,146.0,D
35,UDI,INT,12Bet,5.10,3.90,1.67,161.0,D
35,UDI,INT,12Bet,4.95,3.85,1.69,166.0,D
35,UDI,INT,12Bet,5.00,3.85,1.69,169.0,D
35,UDI,INT,12Bet,5.10,3.90,1.67,177.0,D
35,UDI,INT,12Bet,5.10,3.85,1.67,225.0,D
35,UDI,INT,12Bet,5.10,3.90,1.67,252.0,D
35,UDI,INT,12Bet,5.20,3.90,1.66,293.0,D
35,UDI,INT,12Bet,5.10,3.90,1.68,335.0,D
35,UDI,INT,12Bet,4.95,3.85,1.70,358.0,D
35,UDI,INT,12Bet,4.85,3.85,1.71,385.0,D
35,UDI,INT,12Bet,5.00,3.85,1.69,424.0,D
35,UDI,INT,12Bet,5.10,3.85,1.68,460.0,D
35,UDI,INT,12Bet,4.95,3.80,1.70,491.0,D
35,UDI,INT,12Bet,5.00,3.80,1.70,511.0,D
35,UDI,INT,12Bet,4.95,3.80,1.70,696.0,D
35,UDI,INT,12Bet,5.00,3.80,1.69,778.0,D
35,UDI,INT,12Bet,5.00,3.85,1.69,1067.0,D
35,UDI,INT,12Bet,5.10,3.55,1.69,1219.0,D
35,UDI,INT,12Bet,5.20,3.55,1.68,1396.0,D
35,UDI,INT,12Bet,5.20,3.55,1.67,2023.0,D
35,UDI,INT,12Bet,5.10,3.55,1.69,2328.0,D
35,UDI,INT,12Bet,4.95,3.55,1.70,2984.0,D
35,UDI,INT,12Bet,5.10,3.60,1.68,3105.0,D
35,UDI,INT,12Bet,4.85,3.55,1.72,6990.0,D
35,UDI,INT,12Bet,4.90,3.55,1.71,7273.0,D
35,UDI,INT,12Bet,5.00,3.60,1.69,7438.0,D
35,UDI,INT,12Bet,4.90,3.60,1.70,7519.0,D
35,UDI,INT,12Bet,5.00,3.65,1.68,8541.0,D
35,UDI,INT,12Bet,5.20,3.70,1.65,8541.0,D
35,UDI,INT,12Bet,4.35,3.55,1.69,8547.0,D
35,UDI,INT,12Bet,4.45,3.60,1.68,8555.0,D
35,UDI,INT,12Bet,4.50,3.60,1.67,8930.0,D
35,UDI,INT,12Bet,4.45,3.60,1.67,9938.0,D
35,UDI,INT,12Bet,4.70,3.65,1.63,9940.0,D
35,UDI,INT,12Bet,4.45,3.60,1.67,9942.0,D
35,UDI,INT,12Bet,4.20,3.55,1.71,14853.0,D
35,UDI,INT,12Bet,4.30,3.55,1.70,15612.0,D
35,UDI,INT,12Bet,4.25,3.60,1.70,15835.0,D
35,EMP,FIO,Bet365,2.45,3.60,2.75,26.0,W
35,EMP,FIO,Bet365,2.40,3.60,2.80,66.0,W
35,EMP,FIO,Bet365,2.37,3.60,2.87,319.0,W
35,EMP,FIO,Bet365,2.40,3.60,2.80,453.0,W
35,EMP,FIO,Bet365,2.40,3.60,2.87,1047.0,W
35,EMP,FIO,Bet365,2.50,3.60,2.75,1336.0,W
35,EMP,FIO,Bet365,2.37,3.60,2.90,1581.0,W
35,EMP,FIO,Bet365,2.30,3.60,3.00,4902.0,W
35,EMP,FIO,Bet365,2.20,3.50,3.10,7983.0,W
35,EMP,FIO,Bet365,2.30,3.50,2.90,10947.0,W
35,EMP,FIO,Bet365,2.20,3.50,3.10,11074.0,W
35,EMP,FIO,Bet365,2.37,3.50,2.80,11077.0,W
35,EMP,FIO,Bet365,2.75,3.50,2.40,11114.0,W
35,EMP,FIO,Bet365,2.60,3.50,2.55,11118.0,W
35,EMP,FIO,Bet365,2.45,3.50,2.70,15685.0,W
35,EMP,FIO,Bet365,2.37,3.50,2.80,16778.0,W
35,EMP,FIO,WilliamHill,2.55,3.60,2.62,6.0,W
35,EMP,FIO,WilliamHill,2.50,3.60,2.70,10.0,W
35,EMP,FIO,WilliamHill,2.45,3.60,2.75,16.0,W
35,EMP,FIO,WilliamHill,2.50,3.60,2.70,52.0,W
35,EMP,FIO,WilliamHill,2.45,3.60,2.75,56.0,W
35,EMP,FIO,WilliamHill,2.50,3.60,2.70,59.0,W
35,EMP,FIO,WilliamHill,2.45,3.60,2.75,66.0,W
35,EMP,FIO,WilliamHill,2.50,3.60,2.70,69.0,W
35,EMP,FIO,WilliamHill,2.40,3.60,2.80,322.0,W
35,EMP,FIO,WilliamHill,2.45,3.60,2.75,326.0,W
35,EMP,FIO,WilliamHill,2.45,3.70,2.70,480.0,W
35,EMP,FIO,WilliamHill,2.50,3.60,2.70,574.0,W
35,EMP,FIO,WilliamHill,2.45,3.60,2.75,592.0,W
35,EMP,FIO,WilliamHill,2.50,3.60,2.70,822.0,W
35,EMP,FIO,WilliamHill,2.45,3.70,2.70,923.0,W
35,EMP,FIO,WilliamHill,2.45,3.60,2.75,963.0,W
35,EMP,FIO,WilliamHill,2.40,3.60,2.80,978.0,W
35,EMP,FIO,WilliamHill,2.45,3.70,2.70,1006.0,W
35,EMP,FIO,WilliamHill,2.40,3.60,2.80,1024.0,W
35,EMP,FIO,WilliamHill,2.45,3.60,2.75,1030.0,W
35,EMP,FIO,WilliamHill,2.40,3.60,2.80,1090.0,W
35,EMP,FIO,WilliamHill,2.40,3.70,2.75,1094.0,W
35,EMP,FIO,WilliamHill,2.40,3.60,2.80,1101.0,W
35,EMP,FIO,WilliamHill,2.40,3.70,2.75,1105.0,W
35,EMP,FIO,WilliamHill,2.45,3.60,2.75,1327.0,W
35,EMP,FIO,WilliamHill,2.40,3.70,2.75,1362.0,W
35,EMP,FIO,WilliamHill,2.45,3.70,2.70,1395.0,W
35,EMP,FIO,WilliamHill,2.40,3.70,2.75,1420.0,W
35,EMP,FIO,WilliamHill,2.45,3.70,2.70,1437.0,W
35,EMP,FIO,WilliamHill,2.40,3.60,2.80,1445.0,W
35,EMP,FIO,WilliamHill,2.37,3.70,2.80,1509.0,W
35,EMP,FIO,WilliamHill,2.40,3.60,2.80,1572.0,W
35,EMP,FIO,WilliamHill,2.37,3.70,2.80,1580.0,W
35,EMP,FIO,WilliamHill,2.35,3.70,2.80,1600.0,W
35,EMP,FIO,WilliamHill,2.37,3.70,2.80,1604.0,W
35,EMP,FIO,WilliamHill,2.35,3.70,2.80,2340.0,W
35,EMP,FIO,WilliamHill,2.30,3.70,2.87,2387.0,W
35,EMP,FIO,WilliamHill,2.30,3.70,2.90,2898.0,W
35,EMP,FIO,WilliamHill,2.25,3.70,3.00,3715.0,W
35,EMP,FIO,WilliamHill,2.30,3.70,2.90,4190.0,W
35,EMP,FIO,WilliamHill,2.25,3.70,3.00,4282.0,W
35,EMP,FIO,WilliamHill,2.30,3.70,2.90,4311.0,W
35,EMP,FIO,WilliamHill,2.25,3.70,3.00,4405.0,W
35,EMP,FIO,WilliamHill,2.30,3.60,3.00,5056.0,W
35,EMP,FIO,WilliamHill,2.25,3.70,3.00,5092.0,W
35,EMP,FIO,WilliamHill,2.30,3.60,3.00,5416.0,W
35,EMP,FIO,WilliamHill,2.25,3.75,2.90,5419.0,W
35,EMP,FIO,WilliamHill,2.30,3.75,2.87,5963.0,W
35,EMP,FIO,WilliamHill,2.30,3.80,2.87,6015.0,W
35,EMP,FIO,WilliamHill,2.30,3.75,2.87,6135.0,W
35,EMP,FIO,WilliamHill,2.30,3.80,2.87,6501.0,W
35,EMP,FIO,WilliamHill,2.30,3.75,2.87,6520.0,W
35,EMP,FIO,WilliamHill,2.30,3.80,2.87,6540.0,W
35,EMP,FIO,WilliamHill,2.30,3.75,2.87,6546.0,W
35,EMP,FIO,WilliamHill,2.30,3.80,2.87,6816.0,W
35,EMP,FIO,WilliamHill,2.30,3.75,2.87,6920.0,W
35,EMP,FIO,WilliamHill,2.30,3.80,2.87,7092.0,W
35,EMP,FIO,WilliamHill,2.20,3.75,3.00,7195.0,W
35,EMP,FIO,WilliamHill,2.20,3.80,3.00,7999.0,W
35,EMP,FIO,WilliamHill,2.25,3.80,2.90,8006.0,W
35,EMP,FIO,WilliamHill,2.25,3.75,2.90,8114.0,W
35,EMP,FIO,WilliamHill,2.30,3.70,2.87,8146.0,W
35,EMP,FIO,WilliamHill,2.20,3.75,3.00,8148.0,W
35,EMP,FIO,WilliamHill,2.20,3.70,3.10,8176.0,W
35,EMP,FIO,WilliamHill,2.20,3.75,3.00,9499.0,W
35,EMP,FIO,WilliamHill,2.25,3.70,3.00,9506.0,W
35,EMP,FIO,WilliamHill,2.20,3.75,3.00,9791.0,W
35,EMP,FIO,WilliamHill,2.20,3.70,3.10,9832.0,W
35,EMP,FIO,WilliamHill,2.20,3.75,3.00,9854.0,W
35,EMP,FIO,WilliamHill,2.25,3.70,3.00,10063.0,W
35,EMP,FIO,WilliamHill,2.20,3.70,3.10,10100.0,W
35,EMP,FIO,WilliamHill,2.25,3.70,3.00,10225.0,W
35,EMP,FIO,WilliamHill,2.30,3.60,3.00,10871.0,W
35,EMP,FIO,WilliamHill,2.25,3.60,3.10,10902.0,W
35,EMP,FIO,WilliamHill,2.30,3.50,3.00,11003.0,W
35,EMP,FIO,WilliamHill,2.30,3.60,3.00,11009.0,W
35,EMP,FIO,WilliamHill,2.25,3.50,3.10,11051.0,W
35,EMP,FIO,WilliamHill,2.25,3.60,3.10,11062.0,W
35,EMP,FIO,WilliamHill,2.25,3.70,3.00,11069.0,W
35,EMP,FIO,WilliamHill,2.30,3.60,3.00,11076.0,W
35,EMP,FIO,WilliamHill,2.40,3.50,2.87,11080.0,W
35,EMP,FIO,WilliamHill,2.60,3.50,2.62,11087.0,W
35,EMP,FIO,WilliamHill,2.62,3.50,2.60,11118.0,W
35,EMP,FIO,WilliamHill,2.45,3.50,2.80,15825.0,W
35,EMP,FIO,WilliamHill,2.37,3.50,2.90,15832.0,W
35,EMP,FIO,WilliamHill,2.45,3.50,2.80,15839.0,W
35,EMP,FIO,WilliamHill,2.37,3.50,2.90,15846.0,W
35,EMP,FIO,WilliamHill,2.45,3.50,2.80,15853.0,W
35,EMP,FIO,WilliamHill,2.37,3.50,2.90,15856.0,W
35,EMP,FIO,WilliamHill,2.45,3.50,2.80,15860.0,W
35,EMP,FIO,WilliamHill,2.37,3.50,2.90,15877.0,W
35,EMP,FIO,WilliamHill,2.45,3.50,2.80,15881.0,W
35,EMP,FIO,WilliamHill,2.37,3.50,2.90,15909.0,W
35,EMP,FIO,WilliamHill,2.45,3.50,2.80,15913.0,W
35,EMP,FIO,WilliamHill,2.37,3.50,2.90,15917.0,W
35,EMP,FIO,WilliamHill,2.45,3.50,2.80,15920.0,W
35,EMP,FIO,WilliamHill,2.37,3.50,2.90,15924.0,W
35,EMP,FIO,WilliamHill,2.45,3.50,2.80,15971.0,W
35,EMP,FIO,WilliamHill,2.37,3.50,2.90,15975.0,W
35,EMP,FIO,WilliamHill,2.45,3.50,2.80,16467.0,W
35,EMP,FIO,WilliamHill,2.45,3.40,2.87,16567.0,W
35,EMP,FIO,WilliamHill,2.40,3.50,2.87,16595.0,W
35,EMP,FIO,WilliamHill,2.45,3.40,2.90,16686.0,W
35,EMP,FIO,WilliamHill,2.45,3.40,2.87,16793.0,W
35,EMP,FIO,WilliamHill,2.45,3.50,2.80,16866.0,W
35,EMP,FIO,Bwin,2.40,3.60,2.80,1041.0,W
35,EMP,FIO,Bwin,2.50,3.60,2.70,1559.0,W
35,EMP,FIO,Bwin,2.35,3.60,2.85,2287.0,W
35,EMP,FIO,Bwin,2.30,3.60,2.95,2799.0,W
35,EMP,FIO,Bwin,2.35,3.60,2.90,3179.0,W
35,EMP,FIO,Bwin,2.30,3.60,2.80,8057.0,W
35,EMP,FIO,Bwin,2.25,3.60,2.90,8099.0,W
35,EMP,FIO,Bwin,2.20,3.60,2.95,9731.0,W
35,EMP,FIO,12Bet,2.47,3.55,2.75,4.0,W
35,EMP,FIO,12Bet,2.47,3.55,2.74,9.0,W
35,EMP,FIO,12Bet,2.47,3.55,2.75,12.0,W
35,EMP,FIO,12Bet,2.43,3.55,2.81,13.0,W
35,EMP,FIO,12Bet,2.47,3.55,2.75,20.0,W
35,EMP,FIO,12Bet,2.43,3.55,2.80,22.0,W
35,EMP,FIO,12Bet,2.48,3.55,2.74,28.0,W
35,EMP,FIO,12Bet,2.44,3.55,2.79,29.0,W
35,EMP,FIO,12Bet,2.43,3.55,2.80,31.0,W
35,EMP,FIO,12Bet,2.43,3.55,2.81,38.0,W
35,EMP,FIO,12Bet,2.47,3.55,2.74,56.0,W
35,EMP,FIO,12Bet,2.47,3.55,2.75,64.0,W
35,EMP,FIO,12Bet,2.46,3.55,2.77,69.0,W
35,EMP,FIO,12Bet,2.51,3.55,2.71,74.0,W
35,EMP,FIO,12Bet,2.42,3.55,2.82,97.0,W
35,EMP,FIO,12Bet,2.42,3.55,2.83,99.0,W
35,EMP,FIO,12Bet,2.46,3.55,2.77,109.0,W
35,EMP,FIO,12Bet,2.44,3.55,2.79,131.0,W
35,EMP,FIO,12Bet,2.40,3.55,2.84,136.0,W
35,EMP,FIO,12Bet,2.42,3.55,2.82,147.0,W
35,EMP,FIO,12Bet,2.42,3.55,2.81,151.0,W
35,EMP,FIO,12Bet,2.44,3.55,2.79,167.0,W
35,EMP,FIO,12Bet,2.44,3.55,2.78,236.0,W
35,EMP,FIO,12Bet,2.44,3.55,2.79,295.0,W
35,EMP,FIO,12Bet,2.40,3.55,2.85,301.0,W
35,EMP,FIO,12Bet,2.39,3.55,2.87,302.0,W
35,EMP,FIO,12Bet,2.36,3.55,2.90,303.0,W
35,EMP,FIO,12Bet,2.37,3.55,2.88,305.0,W
35,EMP,FIO,12Bet,2.39,3.55,2.87,325.0,W
35,EMP,FIO,12Bet,2.44,3.50,2.80,332.0,W
35,EMP,FIO,12Bet,2.46,3.50,2.79,334.0,W
35,EMP,FIO,12Bet,2.48,3.50,2.75,334.0,W
35,EMP,FIO,12Bet,2.47,3.50,2.77,357.0,W
35,EMP,FIO,12Bet,2.48,3.50,2.75,375.0,W
35,EMP,FIO,12Bet,2.49,3.50,2.74,380.0,W
35,EMP,FIO,12Bet,2.47,3.50,2.77,398.0,W
35,EMP,FIO,12Bet,2.46,3.55,2.76,421.0,W
35,EMP,FIO,12Bet,2.48,3.55,2.75,475.0,W
35,EMP,FIO,12Bet,2.49,3.55,2.74,483.0,W
35,EMP,FIO,12Bet,2.51,3.55,2.72,486.0,W
35,EMP,FIO,12Bet,2.48,3.55,2.75,499.0,W
35,EMP,FIO,12Bet,2.49,3.55,2.74,504.0,W
35,EMP,FIO,12Bet,2.46,3.55,2.76,516.0,W
35,EMP,FIO,12Bet,2.48,3.55,2.75,517.0,W
35,EMP,FIO,12Bet,2.49,3.55,2.74,532.0,W
35,EMP,FIO,12Bet,2.46,3.55,2.76,603.0,W
35,EMP,FIO,12Bet,2.41,3.50,2.71,649.0,W
35,EMP,FIO,12Bet,2.42,3.50,2.69,706.0,W
35,EMP,FIO,12Bet,2.41,3.50,2.71,1084.0,W
35,EMP,FIO,12Bet,2.43,3.50,2.69,1093.0,W
35,EMP,FIO,12Bet,2.41,3.50,2.71,1095.0,W
35,EMP,FIO,12Bet,2.43,3.50,2.69,1112.0,W
35,EMP,FIO,12Bet,2.42,3.50,2.70,1249.0,W
35,EMP,FIO,12Bet,2.46,3.50,2.66,1346.0,W
35,EMP,FIO,12Bet,2.43,3.50,2.69,1574.0,W
35,EMP,FIO,12Bet,2.40,3.50,2.73,1585.0,W
35,EMP,FIO,12Bet,2.38,3.50,2.75,1994.0,W
35,EMP,FIO,12Bet,2.35,3.50,2.80,2041.0,W
35,EMP,FIO,12Bet,2.33,3.50,2.82,2342.0,W
35,EMP,FIO,12Bet,2.31,3.50,2.85,2393.0,W
35,EMP,FIO,12Bet,2.28,3.50,2.89,4050.0,W
35,EMP,FIO,12Bet,2.29,3.50,2.90,4059.0,W
35,EMP,FIO,12Bet,2.29,3.45,2.91,6731.0,W
35,EMP,FIO,12Bet,2.27,3.45,2.95,6816.0,W
35,EMP,FIO,12Bet,2.26,3.45,2.97,7211.0,W
35,EMP,FIO,12Bet,2.26,3.40,2.98,8000.0,W
35,EMP,FIO,12Bet,2.29,3.40,2.94,8007.0,W
35,EMP,FIO,12Bet,2.33,3.40,2.88,8073.0,W
35,EMP,FIO,12Bet,2.37,3.40,2.83,8111.0,W
35,EMP,FIO,12Bet,2.39,3.35,2.85,8145.0,W
35,EMP,FIO,12Bet,2.35,3.35,2.90,8146.0,W
35,EMP,FIO,12Bet,2.31,3.35,2.96,8147.0,W
35,EMP,FIO,12Bet,2.27,3.35,3.05,8173.0,W
35,EMP,FIO,12Bet,2.23,3.35,3.10,8301.0,W
35,EMP,FIO,12Bet,2.27,3.35,3.05,8979.0,W
35,EMP,FIO,12Bet,2.28,3.35,3.00,9500.0,W
35,EMP,FIO,12Bet,2.32,3.30,2.73,9507.0,W
35,EMP,FIO,12Bet,2.29,3.30,2.77,9821.0,W
35,EMP,FIO,12Bet,2.25,3.30,2.84,9840.0,W
35,EMP,FIO,12Bet,2.11,3.30,3.10,9842.0,W
35,EMP,FIO,12Bet,2.11,3.25,3.10,9856.0,W
35,EMP,FIO,12Bet,2.18,3.25,3.00,10091.0,W
35,EMP,FIO,12Bet,2.16,3.25,3.05,10102.0,W
35,EMP,FIO,12Bet,2.15,3.25,3.05,10121.0,W
35,EMP,FIO,12Bet,2.22,3.25,2.94,10868.0,W
35,EMP,FIO,12Bet,2.17,3.25,3.00,10902.0,W
35,EMP,FIO,12Bet,2.24,3.25,2.90,10926.0,W
35,EMP,FIO,12Bet,2.21,3.25,2.96,11010.0,W
35,EMP,FIO,12Bet,2.16,3.25,3.05,11060.0,W
35,EMP,FIO,12Bet,2.16,3.20,3.05,11078.0,W
35,EMP,FIO,12Bet,2.21,3.20,2.98,11079.0,W
35,EMP,FIO,12Bet,2.29,3.20,2.86,11081.0,W
35,EMP,FIO,12Bet,2.38,3.20,2.74,11082.0,W
35,EMP,FIO,12Bet,2.30,3.20,2.84,11082.0,W
35,EMP,FIO,12Bet,2.40,3.20,2.72,11083.0,W
35,EMP,FIO,12Bet,2.50,3.20,2.60,11092.0,W
35,EMP,FIO,12Bet,2.48,3.20,2.62,11093.0,W
35,EMP,FIO,12Bet,2.60,3.20,2.49,11118.0,W
35,EMP,FIO,12Bet,2.67,3.20,2.44,11118.0,W
35,EMP,FIO,12Bet,2.54,3.20,2.56,11119.0,W
35,EMP,FIO,12Bet,2.62,3.20,2.47,11120.0,W
35,EMP,FIO,12Bet,2.40,3.20,2.72,15689.0,W
35,EMP,FIO,12Bet,2.35,3.20,2.78,16602.0,W
35,EMP,FIO,12Bet,2.28,3.20,2.88,16602.0,W
35,EMP,FIO,12Bet,2.28,3.15,2.90,16646.0,W
35,EMP,FIO,12Bet,2.27,3.15,2.92,16792.0,W
35,LAZ,ATA,Bet365,2.40,3.60,2.87,20.0,L
35,LAZ,ATA,Bet365,2.30,3.60,3.00,179.0,L
35,LAZ,ATA,Bet365,2.20,3.60,3.10,1385.0,L
35,LAZ,ATA,Bet365,2.15,3.60,3.25,4292.0,L
35,LAZ,ATA,Bet365,2.20,3.60,3.10,5049.0,L
35,LAZ,ATA,Bet365,2.15,3.60,3.10,7030.0,L
35,LAZ,ATA,Bet365,2.25,3.50,3.00,8393.0,L
35,LAZ,ATA,Bet365,2.30,3.50,2.90,8927.0,L
35,LAZ,ATA,Bet365,2.55,3.50,2.60,15359.0,L
35,LAZ,ATA,Bet365,2.75,3.50,2.40,16928.0,L
35,LAZ,ATA,WilliamHill,2.45,3.50,2.80,13.0,L
35,LAZ,ATA,WilliamHill,2.40,3.50,2.87,21.0,L
35,LAZ,ATA,WilliamHill,2.37,3.50,2.90,51.0,L
35,LAZ,ATA,WilliamHill,2.35,3.60,2.90,66.0,L
35,LAZ,ATA,WilliamHill,2.37,3.50,2.90,69.0,L
35,LAZ,ATA,WilliamHill,2.35,3.60,2.90,73.0,L
35,LAZ,ATA,WilliamHill,2.37,3.50,2.90,76.0,L
35,LAZ,ATA,WilliamHill,2.30,3.50,3.00,198.0,L
35,LAZ,ATA,WilliamHill,2.25,3.50,3.10,209.0,L
35,LAZ,ATA,WilliamHill,2.25,3.60,3.10,299.0,L
35,LAZ,ATA,WilliamHill,2.20,3.60,3.20,308.0,L
35,LAZ,ATA,WilliamHill,2.20,3.50,3.20,327.0,L
35,LAZ,ATA,WilliamHill,2.25,3.50,3.10,377.0,L
35,LAZ,ATA,WilliamHill,2.30,3.50,3.00,456.0,L
35,LAZ,ATA,WilliamHill,2.30,3.60,3.00,498.0,L
35,LAZ,ATA,WilliamHill,2.25,3.50,3.10,1422.0,L
35,LAZ,ATA,WilliamHill,2.25,3.60,3.10,2821.0,L
35,LAZ,ATA,WilliamHill,2.20,3.60,3.20,2924.0,L
35,LAZ,ATA,WilliamHill,2.25,3.60,3.10,2932.0,L
35,LAZ,ATA,WilliamHill,2.20,3.60,3.20,3128.0,L
35,LAZ,ATA,WilliamHill,2.25,3.60,3.10,4204.0,L
35,LAZ,ATA,WilliamHill,2.20,3.60,3.20,4275.0,L
35,LAZ,ATA,WilliamHill,2.20,3.70,3.10,4467.0,L
35,LAZ,ATA,WilliamHill,2.20,3.60,3.20,5213.0,L
35,LAZ,ATA,WilliamHill,2.20,3.70,3.10,7011.0,L
35,LAZ,ATA,WilliamHill,2.25,3.70,3.00,7041.0,L
35,LAZ,ATA,WilliamHill,2.30,3.60,3.00,7670.0,L
35,LAZ,ATA,WilliamHill,2.35,3.60,2.90,8160.0,L
35,LAZ,ATA,WilliamHill,2.30,3.60,3.00,8162.0,L
35,LAZ,ATA,WilliamHill,2.25,3.70,3.00,8230.0,L
35,LAZ,ATA,WilliamHill,2.35,3.60,2.90,8398.0,L
35,LAZ,ATA,WilliamHill,2.30,3.60,3.00,8403.0,L
35,LAZ,ATA,WilliamHill,2.30,3.70,2.90,8405.0,L
35,LAZ,ATA,WilliamHill,2.35,3.60,2.90,8623.0,L
35,LAZ,ATA,WilliamHill,2.35,3.60,2.87,8840.0,L
35,LAZ,ATA,WilliamHill,2.35,3.60,2.90,8924.0,L
35,LAZ,ATA,WilliamHill,2.40,3.60,2.80,8929.0,L
35,LAZ,ATA,WilliamHill,2.45,3.60,2.75,9378.0,L
35,LAZ,ATA,WilliamHill,2.50,3.50,2.75,9663.0,L
35,LAZ,ATA,WilliamHill,2.45,3.50,2.80,14169.0,L
35,LAZ,ATA,WilliamHill,2.40,3.60,2.80,14250.0,L
35,LAZ,ATA,WilliamHill,2.50,3.60,2.70,14267.0,L
35,LAZ,ATA,WilliamHill,2.40,3.60,2.80,14610.0,L
35,LAZ,ATA,WilliamHill,2.50,3.60,2.70,14613.0,L
35,LAZ,ATA,WilliamHill,2.40,3.60,2.80,14720.0,L
35,LAZ,ATA,WilliamHill,2.45,3.60,2.75,15225.0,L
35,LAZ,ATA,WilliamHill,2.50,3.50,2.75,15359.0,L
35,LAZ,ATA,WilliamHill,2.60,3.50,2.62,15362.0,L
35,LAZ,ATA,WilliamHill,2.60,3.60,2.60,16739.0,L
35,LAZ,ATA,WilliamHill,2.62,3.60,2.55,16742.0,L
35,LAZ,ATA,WilliamHill,2.70,3.50,2.55,16858.0,L
35,LAZ,ATA,WilliamHill,2.75,3.50,2.50,16893.0,L
35,LAZ,ATA,WilliamHill,2.70,3.50,2.55,17016.0,L
35,LAZ,ATA,Bwin,2.30,3.50,3.00,69.0,L
35,LAZ,ATA,Bwin,2.25,3.50,3.10,3407.0,L
35,LAZ,ATA,Bwin,2.20,3.50,3.00,6827.0,L
35,LAZ,ATA,Bwin,2.30,3.50,2.85,8213.0,L
35,LAZ,ATA,Bwin,2.35,3.50,2.75,8889.0,L
35,LAZ,ATA,Bwin,2.45,3.50,2.65,9972.0,L
35,LAZ,ATA,12Bet,2.53,3.45,2.74,1.0,L
35,LAZ,ATA,12Bet,2.53,3.45,2.73,3.0,L
35,LAZ,ATA,12Bet,2.48,3.45,2.79,10.0,L
35,LAZ,ATA,12Bet,2.48,3.50,2.78,20.0,L
35,LAZ,ATA,12Bet,2.43,3.50,2.84,29.0,L
35,LAZ,ATA,12Bet,2.35,3.50,2.95,70.0,L
35,LAZ,ATA,12Bet,2.35,3.50,2.94,94.0,L
35,LAZ,ATA,12Bet,2.35,3.50,2.95,132.0,L
35,LAZ,ATA,12Bet,2.35,3.50,2.94,179.0,L
35,LAZ,ATA,12Bet,2.31,3.50,2.99,181.0,L
35,LAZ,ATA,12Bet,2.31,3.55,2.99,188.0,L
35,LAZ,ATA,12Bet,2.31,3.50,3.00,214.0,L
35,LAZ,ATA,12Bet,2.33,3.50,3.05,218.0,L
35,LAZ,ATA,12Bet,2.31,3.50,3.05,226.0,L
35,LAZ,ATA,12Bet,2.27,3.50,3.10,288.0,L
35,LAZ,ATA,12Bet,2.25,3.50,3.15,309.0,L
35,LAZ,ATA,12Bet,2.29,3.50,3.05,356.0,L
35,LAZ,ATA,12Bet,2.27,3.50,3.05,378.0,L
35,LAZ,ATA,12Bet,2.33,3.50,2.98,445.0,L
35,LAZ,ATA,12Bet,2.25,3.55,3.10,467.0,L
35,LAZ,ATA,12Bet,2.24,3.55,3.10,753.0,L
35,LAZ,ATA,12Bet,2.24,3.30,3.10,1392.0,L
35,LAZ,ATA,12Bet,2.25,3.30,3.10,3424.0,L
35,LAZ,ATA,12Bet,2.24,3.30,3.10,7039.0,L
35,LAZ,ATA,12Bet,2.26,3.30,3.05,7041.0,L
35,LAZ,ATA,12Bet,2.30,3.30,3.00,7220.0,L
35,LAZ,ATA,12Bet,2.32,3.30,2.97,7299.0,L
35,LAZ,ATA,12Bet,2.34,3.30,2.94,8244.0,L
35,LAZ,ATA,12Bet,2.36,3.30,2.92,8405.0,L
35,LAZ,ATA,12Bet,2.40,3.30,2.86,8434.0,L
35,LAZ,ATA,12Bet,2.41,3.30,2.84,8623.0,L
35,LAZ,ATA,12Bet,2.42,3.25,2.86,8923.0,L
35,LAZ,ATA,12Bet,2.44,3.25,2.84,8929.0,L
35,LAZ,ATA,12Bet,2.47,3.25,2.79,8929.0,L
35,LAZ,ATA,12Bet,2.50,3.25,2.76,8949.0,L
35,LAZ,ATA,12Bet,2.47,3.25,2.79,9650.0,L
35,LAZ,ATA,12Bet,2.40,3.20,2.71,9657.0,L
35,LAZ,ATA,12Bet,2.38,3.20,2.73,15224.0,L
35,LAZ,ATA,12Bet,2.46,3.15,2.64,15361.0,L
35,LAZ,ATA,12Bet,2.55,3.15,2.55,16741.0,L
35,LAZ,ATA,12Bet,2.54,3.15,2.56,16742.0,L
35,LAZ,ATA,12Bet,2.63,3.15,2.47,16749.0,L
35,LAZ,ATA,12Bet,2.64,3.15,2.48,16750.0,L
35,LAZ,ATA,12Bet,2.70,3.15,2.43,16942.0,L
35,PAR,SAM,Bet365,3.00,3.25,2.45,20.0,D
35,PAR,SAM,Bet365,3.10,3.25,2.40,596.0,D
35,PAR,SAM,Bet365,3.20,3.20,2.30,598.0,D
35,PAR,SAM,Bet365,3.10,3.25,2.40,598.0,D
35,PAR,SAM,Bet365,3.20,3.20,2.30,1557.0,D
35,PAR,SAM,Bet365,3.00,3.20,2.45,4155.0,D
35,PAR,SAM,Bet365,2.87,3.30,2.50,5049.0,D
35,PAR,SAM,Bet365,2.80,3.25,2.50,6410.0,D
35,PAR,SAM,Bet365,2.87,3.25,2.50,7383.0,D
35,PAR,SAM,Bet365,3.00,3.25,2.37,8855.0,D
35,PAR,SAM,Bet365,2.80,3.25,2.50,16928.0,D
35,PAR,SAM,WilliamHill,3.00,3.20,2.45,28.0,D
35,PAR,SAM,WilliamHill,3.10,3.25,2.37,40.0,D
35,PAR,SAM,WilliamHill,3.10,3.30,2.35,152.0,D
35,PAR,SAM,WilliamHill,3.10,3.30,2.37,180.0,D
35,PAR,SAM,WilliamHill,3.10,3.30,2.35,356.0,D
35,PAR,SAM,WilliamHill,3.00,3.30,2.40,393.0,D
35,PAR,SAM,WilliamHill,3.00,3.20,2.45,443.0,D
35,PAR,SAM,WilliamHill,3.00,3.25,2.45,481.0,D
35,PAR,SAM,WilliamHill,3.00,3.20,2.45,522.0,D
35,PAR,SAM,WilliamHill,3.00,3.30,2.40,750.0,D
35,PAR,SAM,WilliamHill,3.10,3.20,2.40,808.0,D
35,PAR,SAM,WilliamHill,3.10,3.25,2.40,939.0,D
35,PAR,SAM,WilliamHill,3.00,3.30,2.40,953.0,D
35,PAR,SAM,WilliamHill,3.10,3.25,2.40,955.0,D
35,PAR,SAM,WilliamHill,3.10,3.25,2.37,1022.0,D
35,PAR,SAM,WilliamHill,3.10,3.30,2.35,1115.0,D
35,PAR,SAM,WilliamHill,3.10,3.25,2.37,1174.0,D
35,PAR,SAM,WilliamHill,3.10,3.30,2.35,1189.0,D
35,PAR,SAM,WilliamHill,3.10,3.25,2.37,1222.0,D
35,PAR,SAM,WilliamHill,3.10,3.30,2.35,1299.0,D
35,PAR,SAM,WilliamHill,3.20,3.25,2.35,1309.0,D
35,PAR,SAM,WilliamHill,3.10,3.30,2.35,1366.0,D
35,PAR,SAM,WilliamHill,3.20,3.25,2.35,1377.0,D
35,PAR,SAM,WilliamHill,3.10,3.30,2.35,1508.0,D
35,PAR,SAM,WilliamHill,3.20,3.25,2.35,1530.0,D
35,PAR,SAM,WilliamHill,3.10,3.30,2.35,1535.0,D
35,PAR,SAM,WilliamHill,3.00,3.20,2.45,1541.0,D
35,PAR,SAM,WilliamHill,3.00,3.20,2.50,1545.0,D
35,PAR,SAM,WilliamHill,3.00,3.25,2.45,1557.0,D
35,PAR,SAM,WilliamHill,2.90,3.25,2.50,1595.0,D
35,PAR,SAM,WilliamHill,2.87,3.25,2.55,1650.0,D
35,PAR,SAM,WilliamHill,2.90,3.25,2.50,2486.0,D
35,PAR,SAM,WilliamHill,2.87,3.30,2.50,2995.0,D
35,PAR,SAM,WilliamHill,2.80,3.30,2.55,4170.0,D
35,PAR,SAM,WilliamHill,2.87,3.30,2.50,4193.0,D
35,PAR,SAM,WilliamHill,2.80,3.30,2.55,6645.0,D
35,PAR,SAM,WilliamHill,2.70,3.30,2.62,7160.0,D
35,PAR,SAM,WilliamHill,2.75,3.30,2.60,7164.0,D
35,PAR,SAM,WilliamHill,2.80,3.30,2.55,7388.0,D
35,PAR,SAM,WilliamHill,2.87,3.30,2.50,8858.0,D
35,PAR,SAM,WilliamHill,2.90,3.25,2.50,9372.0,D
35,PAR,SAM,WilliamHill,2.87,3.30,2.50,9829.0,D
35,PAR,SAM,WilliamHill,2.90,3.40,2.45,10112.0,D
35,PAR,SAM,WilliamHill,2.90,3.30,2.50,10946.0,D
35,PAR,SAM,WilliamHill,2.87,3.30,2.50,11006.0,D
35,PAR,SAM,WilliamHill,2.90,3.30,2.50,11033.0,D
35,PAR,SAM,WilliamHill,2.87,3.30,2.50,11313.0,D
35,PAR,SAM,WilliamHill,2.90,3.30,2.50,11322.0,D
35,PAR,SAM,WilliamHill,2.87,3.30,2.50,16059.0,D
35,PAR,SAM,WilliamHill,2.80,3.40,2.50,16617.0,D
35,PAR,SAM,WilliamHill,2.87,3.30,2.50,16742.0,D
35,PAR,SAM,WilliamHill,2.90,3.20,2.55,16858.0,D
35,PAR,SAM,WilliamHill,2.87,3.20,2.55,17016.0,D
35,PAR,SAM,Bwin,3.10,3.25,2.40,1059.0,D
35,PAR,SAM,Bwin,3.20,3.20,2.35,1311.0,D
35,PAR,SAM,Bwin,2.95,3.30,2.45,1494.0,D
35,PAR,SAM,Bwin,2.80,3.30,2.55,3407.0,D
35,PAR,SAM,Bwin,2.70,3.25,2.55,7072.0,D
35,PAR,SAM,Bwin,2.85,3.20,2.45,9971.0,D
35,PAR,SAM,12Bet,3.00,3.15,2.49,1.0,D
35,PAR,SAM,12Bet,3.05,3.15,2.44,25.0,D
35,PAR,SAM,12Bet,3.10,3.15,2.40,29.0,D
35,PAR,SAM,12Bet,3.10,3.20,2.40,172.0,D
35,PAR,SAM,12Bet,3.15,3.20,2.38,356.0,D
35,PAR,SAM,12Bet,3.15,3.20,2.37,357.0,D
35,PAR,SAM,12Bet,3.05,3.20,2.44,443.0,D
35,PAR,SAM,12Bet,2.93,3.35,2.44,445.0,D
35,PAR,SAM,12Bet,3.00,3.35,2.39,522.0,D
35,PAR,SAM,12Bet,2.99,3.40,2.37,750.0,D
35,PAR,SAM,12Bet,2.95,3.30,2.34,955.0,D
35,PAR,SAM,12Bet,3.00,3.30,2.30,1206.0,D
35,PAR,SAM,12Bet,3.00,3.25,2.31,1262.0,D
35,PAR,SAM,12Bet,3.05,3.25,2.30,1539.0,D
35,PAR,SAM,12Bet,2.93,3.25,2.37,1563.0,D
35,PAR,SAM,12Bet,2.87,3.25,2.41,1575.0,D
35,PAR,SAM,12Bet,2.87,3.25,2.40,1637.0,D
35,PAR,SAM,12Bet,2.85,3.25,2.42,1717.0,D
35,PAR,SAM,12Bet,2.84,3.25,2.43,2504.0,D
35,PAR,SAM,12Bet,2.80,3.25,2.46,2939.0,D
35,PAR,SAM,12Bet,2.82,3.20,2.47,3142.0,D
35,PAR,SAM,12Bet,2.84,3.20,2.46,4186.0,D
35,PAR,SAM,12Bet,2.79,3.20,2.50,4198.0,D
35,PAR,SAM,12Bet,2.74,3.20,2.54,6644.0,D
35,PAR,SAM,12Bet,2.68,3.20,2.59,7154.0,D
35,PAR,SAM,12Bet,2.66,3.20,2.62,7158.0,D
35,PAR,SAM,12Bet,2.67,3.20,2.60,7159.0,D
35,PAR,SAM,12Bet,2.71,3.20,2.56,7163.0,D
35,PAR,SAM,12Bet,2.76,3.20,2.53,7163.0,D
35,PAR,SAM,12Bet,2.71,3.20,2.56,7164.0,D
35,PAR,SAM,12Bet,2.76,3.20,2.53,7251.0,D
35,PAR,SAM,12Bet,2.77,3.20,2.51,7359.0,D
35,PAR,SAM,12Bet,2.80,3.20,2.48,7372.0,D
35,PAR,SAM,12Bet,2.74,3.20,2.54,7386.0,D
35,PAR,SAM,12Bet,2.76,3.20,2.53,7387.0,D
35,PAR,SAM,12Bet,2.82,3.20,2.47,8858.0,D
35,PAR,SAM,12Bet,2.83,3.20,2.48,8860.0,D
35,PAR,SAM,12Bet,2.84,3.15,2.49,9649.0,D
35,PAR,SAM,12Bet,2.74,3.15,2.40,9657.0,D
35,PAR,SAM,12Bet,2.76,3.15,2.38,11027.0,D
35,PAR,SAM,12Bet,2.75,3.15,2.40,11028.0,D
35,PAR,SAM,12Bet,2.73,3.15,2.41,16748.0,D
35,PAR,SAM,12Bet,2.75,3.10,2.42,16942.0,D
35,SAS,FRO,Bet365,1.57,4.00,5.75,307.0,D
35,SAS,FRO,Bet365,1.66,3.80,5.25,5049.0,D
35,SAS,FRO,Bet365,1.66,3.60,5.25,6958.0,D
35,SAS,FRO,Bet365,1.70,3.60,5.00,8448.0,D
35,SAS,FRO,Bet365,1.72,3.60,4.75,16928.0,D
35,SAS,FRO,WilliamHill,1.61,4.00,5.50,9.0,D
35,SAS,FRO,WilliamHill,1.63,3.90,5.50,13.0,D
35,SAS,FRO,WilliamHill,1.61,4.00,5.50,17.0,D
35,SAS,FRO,WilliamHill,1.60,4.00,5.80,39.0,D
35,SAS,FRO,WilliamHill,1.60,4.20,5.50,47.0,D
35,SAS,FRO,WilliamHill,1.60,4.00,5.80,54.0,D
35,SAS,FRO,WilliamHill,1.61,4.00,5.50,173.0,D
35,SAS,FRO,WilliamHill,1.60,4.00,5.80,184.0,D
35,SAS,FRO,WilliamHill,1.61,4.00,5.50,219.0,D
35,SAS,FRO,WilliamHill,1.60,4.00,5.80,251.0,D
35,SAS,FRO,WilliamHill,1.60,3.90,5.80,299.0,D
35,SAS,FRO,WilliamHill,1.61,4.00,5.50,314.0,D
35,SAS,FRO,WilliamHill,1.63,4.00,5.25,327.0,D
35,SAS,FRO,WilliamHill,1.65,4.00,5.25,334.0,D
35,SAS,FRO,WilliamHill,1.63,4.00,5.25,338.0,D
35,SAS,FRO,WilliamHill,1.65,3.90,5.25,368.0,D
35,SAS,FRO,WilliamHill,1.67,3.90,5.25,377.0,D
35,SAS,FRO,WilliamHill,1.67,3.80,5.25,1251.0,D
35,SAS,FRO,WilliamHill,1.65,3.90,5.25,1807.0,D
35,SAS,FRO,WilliamHill,1.63,3.90,5.50,1855.0,D
35,SAS,FRO,WilliamHill,1.63,4.00,5.25,2883.0,D
35,SAS,FRO,WilliamHill,1.65,3.90,5.25,5134.0,D
35,SAS,FRO,WilliamHill,1.63,4.00,5.25,5389.0,D
35,SAS,FRO,WilliamHill,1.65,3.90,5.25,5433.0,D
35,SAS,FRO,WilliamHill,1.67,3.80,5.25,5747.0,D
35,SAS,FRO,WilliamHill,1.65,3.90,5.25,6942.0,D
35,SAS,FRO,WilliamHill,1.67,3.90,5.25,6960.0,D
35,SAS,FRO,WilliamHill,1.67,4.00,5.00,6966.0,D
35,SAS,FRO,WilliamHill,1.70,3.80,5.00,7333.0,D
35,SAS,FRO,WilliamHill,1.70,3.75,5.25,7545.0,D
35,SAS,FRO,WilliamHill,1.70,3.80,5.00,8449.0,D
35,SAS,FRO,WilliamHill,1.73,3.75,4.80,8913.0,D
35,SAS,FRO,WilliamHill,1.75,3.70,4.80,9661.0,D
35,SAS,FRO,WilliamHill,1.75,3.70,4.75,9670.0,D
35,SAS,FRO,WilliamHill,1.75,3.70,4.80,9675.0,D
35,SAS,FRO,WilliamHill,1.75,3.70,4.75,9710.0,D
35,SAS,FRO,WilliamHill,1.73,3.75,4.80,10109.0,D
35,SAS,FRO,WilliamHill,1.75,3.75,4.75,16059.0,D
35,SAS,FRO,WilliamHill,1.75,3.70,4.75,16870.0,D
35,SAS,FRO,WilliamHill,1.78,3.70,4.60,16893.0,D
35,SAS,FRO,WilliamHill,1.75,3.70,4.75,17016.0,D
35,SAS,FRO,Bwin,1.62,4.00,5.50,26.0,D
35,SAS,FRO,Bwin,1.67,3.90,5.25,220.0,D
35,SAS,FRO,Bwin,1.70,3.80,5.00,1698.0,D
35,SAS,FRO,Bwin,1.62,4.00,5.50,2730.0,D
35,SAS,FRO,Bwin,1.65,3.90,5.25,2830.0,D
35,SAS,FRO,Bwin,1.67,3.80,5.25,2923.0,D
35,SAS,FRO,Bwin,1.70,3.80,5.00,3407.0,D
35,SAS,FRO,Bwin,1.67,3.80,4.75,6828.0,D
35,SAS,FRO,Bwin,1.72,3.70,4.60,8891.0,D
35,SAS,FRO,Bwin,1.72,3.60,4.70,9973.0,D
35,SAS,FRO,12Bet,1.64,3.95,5.30,3.0,D
35,SAS,FRO,12Bet,1.63,4.00,5.40,25.0,D
35,SAS,FRO,12Bet,1.61,4.05,5.50,41.0,D
35,SAS,FRO,12Bet,1.63,4.00,5.40,47.0,D
35,SAS,FRO,12Bet,1.60,4.05,5.60,56.0,D
35,SAS,FRO,12Bet,1.61,4.05,5.50,123.0,D
35,SAS,FRO,12Bet,1.61,4.00,5.50,206.0,D
35,SAS,FRO,12Bet,1.60,4.05,5.60,216.0,D
35,SAS,FRO,12Bet,1.61,4.00,5.50,239.0,D
35,SAS,FRO,12Bet,1.60,4.05,5.60,274.0,D
35,SAS,FRO,12Bet,1.61,4.00,5.50,304.0,D
35,SAS,FRO,12Bet,1.60,4.05,5.60,312.0,D
35,SAS,FRO,12Bet,1.62,4.00,5.50,314.0,D
35,SAS,FRO,12Bet,1.61,4.00,5.50,316.0,D
35,SAS,FRO,12Bet,1.60,4.05,5.60,318.0,D
35,SAS,FRO,12Bet,1.63,4.00,5.30,336.0,D
35,SAS,FRO,12Bet,1.65,3.95,5.20,357.0,D
35,SAS,FRO,12Bet,1.63,4.00,5.30,358.0,D
35,SAS,FRO,12Bet,1.66,3.95,5.10,376.0,D
35,SAS,FRO,12Bet,1.68,3.90,5.00,440.0,D
35,SAS,FRO,12Bet,1.69,3.90,4.95,488.0,D
35,SAS,FRO,12Bet,1.68,3.90,5.00,530.0,D
35,SAS,FRO,12Bet,1.68,3.90,5.10,569.0,D
35,SAS,FRO,12Bet,1.68,3.90,5.00,749.0,D
35,SAS,FRO,12Bet,1.68,3.85,4.65,899.0,D
35,SAS,FRO,12Bet,1.69,3.85,4.65,903.0,D
35,SAS,FRO,12Bet,1.69,3.80,4.60,974.0,D
35,SAS,FRO,12Bet,1.68,3.85,4.65,1107.0,D
35,SAS,FRO,12Bet,1.67,3.85,4.70,1262.0,D
35,SAS,FRO,12Bet,1.67,3.85,4.75,1745.0,D
35,SAS,FRO,12Bet,1.65,3.90,4.85,2091.0,D
35,SAS,FRO,12Bet,1.65,3.85,4.90,2104.0,D
35,SAS,FRO,12Bet,1.63,3.80,5.20,2848.0,D
35,SAS,FRO,12Bet,1.61,3.85,5.30,2876.0,D
35,SAS,FRO,12Bet,1.63,3.80,5.20,2877.0,D
35,SAS,FRO,12Bet,1.67,3.75,4.90,3438.0,D
35,SAS,FRO,12Bet,1.68,3.75,4.80,4463.0,D
35,SAS,FRO,12Bet,1.66,3.80,4.95,4598.0,D
35,SAS,FRO,12Bet,1.64,3.80,5.10,4610.0,D
35,SAS,FRO,12Bet,1.66,3.80,4.95,5433.0,D
35,SAS,FRO,12Bet,1.68,3.75,4.80,6362.0,D
35,SAS,FRO,12Bet,1.67,3.75,4.90,6937.0,D
35,SAS,FRO,12Bet,1.65,3.75,5.10,6942.0,D
35,SAS,FRO,12Bet,1.69,3.70,4.80,6967.0,D
35,SAS,FRO,12Bet,1.65,3.75,5.10,6968.0,D
35,SAS,FRO,12Bet,1.69,3.70,4.80,6969.0,D
35,SAS,FRO,12Bet,1.72,3.65,4.65,6971.0,D
35,SAS,FRO,12Bet,1.74,3.65,4.55,9037.0,D
35,SAS,FRO,12Bet,1.72,3.65,4.65,9649.0,D
35,SAS,FRO,12Bet,1.74,3.60,4.60,9649.0,D
35,SAS,FRO,12Bet,1.73,3.60,4.05,9657.0,D
35,SAS,FRO,12Bet,1.73,3.65,4.10,9711.0,D
35,SAS,FRO,12Bet,1.74,3.60,4.05,16720.0,D
35,SAS,FRO,12Bet,1.74,3.65,4.00,16747.0,D
35,SAS,FRO,12Bet,1.74,3.60,4.05,16944.0,D
35,GEN,ROM,Bet365,3.20,3.50,2.25,2.0,D
35,GEN,ROM,Bet365,3.30,3.50,2.15,43.0,D
35,GEN,ROM,Bet365,3.60,3.50,2.05,781.0,D
35,GEN,ROM,Bet365,3.40,3.50,2.05,1085.0,D
35,GEN,ROM,Bet365,3.75,3.60,2.00,3414.0,D
35,GEN,ROM,Bet365,3.80,3.60,1.95,5228.0,D
35,GEN,ROM,Bet365,3.60,3.60,1.95,6589.0,D
35,GEN,ROM,Bet365,4.00,3.60,1.85,8439.0,D
35,GEN,ROM,Bet365,3.80,3.60,1.90,11369.0,D
35,GEN,ROM,Bet365,3.40,3.50,2.05,13640.0,D
35,GEN,ROM,Bet365,3.60,3.60,1.95,14414.0,D
35,GEN,ROM,Bet365,3.75,3.60,1.90,17107.0,D
35,GEN,ROM,WilliamHill,3.40,3.30,2.20,9.0,D
35,GEN,ROM,WilliamHill,3.25,3.30,2.30,12.0,D
35,GEN,ROM,WilliamHill,3.20,3.30,2.30,16.0,D
35,GEN,ROM,WilliamHill,3.25,3.30,2.30,19.0,D
35,GEN,ROM,WilliamHill,3.40,3.30,2.20,51.0,D
35,GEN,ROM,WilliamHill,3.50,3.25,2.20,55.0,D
35,GEN,ROM,WilliamHill,3.50,3.30,2.15,111.0,D
35,GEN,ROM,WilliamHill,3.75,3.40,2.05,206.0,D
35,GEN,ROM,WilliamHill,3.80,3.40,2.00,210.0,D
35,GEN,ROM,WilliamHill,3.80,3.50,2.00,255.0,D
35,GEN,ROM,WilliamHill,3.75,3.40,2.05,258.0,D
35,GEN,ROM,WilliamHill,3.80,3.50,2.00,341.0,D
35,GEN,ROM,WilliamHill,3.90,3.40,2.00,344.0,D
35,GEN,ROM,WilliamHill,3.80,3.50,2.00,369.0,D
35,GEN,ROM,WilliamHill,3.75,3.50,2.00,376.0,D
35,GEN,ROM,WilliamHill,3.75,3.40,2.05,404.0,D
35,GEN,ROM,WilliamHill,3.80,3.40,2.05,419.0,D
35,GEN,ROM,WilliamHill,3.75,3.40,2.05,564.0,D
35,GEN,ROM,WilliamHill,3.80,3.40,2.05,627.0,D
35,GEN,ROM,WilliamHill,3.90,3.40,2.00,632.0,D
35,GEN,ROM,WilliamHill,3.80,3.40,2.05,740.0,D
35,GEN,ROM,WilliamHill,3.80,3.50,2.00,1288.0,D
35,GEN,ROM,WilliamHill,3.90,3.40,2.00,1422.0,D
35,GEN,ROM,WilliamHill,3.80,3.50,2.00,1855.0,D
35,GEN,ROM,WilliamHill,3.90,3.50,2.00,1885.0,D
35,GEN,ROM,WilliamHill,3.90,3.60,1.95,3252.0,D
35,GEN,ROM,WilliamHill,3.90,3.50,2.00,3263.0,D
35,GEN,ROM,WilliamHill,3.90,3.60,1.95,4311.0,D
35,GEN,ROM,WilliamHill,4.00,3.60,1.91,7159.0,D
35,GEN,ROM,WilliamHill,4.00,3.70,1.88,8869.0,D
35,GEN,ROM,WilliamHill,3.90,3.70,1.91,9092.0,D
35,GEN,ROM,WilliamHill,4.00,3.60,1.91,9998.0,D
35,GEN,ROM,WilliamHill,3.90,3.60,1.95,10720.0,D
35,GEN,ROM,WilliamHill,3.80,3.60,1.95,11373.0,D
35,GEN,ROM,WilliamHill,3.90,3.50,2.00,11387.0,D
35,GEN,ROM,WilliamHill,3.80,3.50,2.00,11391.0,D
35,GEN,ROM,WilliamHill,3.90,3.40,2.00,11469.0,D
35,GEN,ROM,WilliamHill,3.80,3.40,2.00,11501.0,D
35,GEN,ROM,WilliamHill,3.75,3.40,2.05,14386.0,D
35,GEN,ROM,WilliamHill,3.80,3.40,2.05,14389.0,D
35,GEN,ROM,WilliamHill,3.90,3.40,2.00,16238.0,D
35,GEN,ROM,WilliamHill,3.80,3.50,2.00,16918.0,D
35,GEN,ROM,WilliamHill,3.90,3.40,2.00,16921.0,D
35,GEN,ROM,WilliamHill,4.00,3.50,1.95,17128.0,D
35,GEN,ROM,WilliamHill,4.20,3.50,1.91,17195.0,D
35,GEN,ROM,Bwin,3.50,3.30,2.15,55.0,D
35,GEN,ROM,Bwin,3.75,3.50,2.00,383.0,D
35,GEN,ROM,Bwin,3.90,3.60,1.95,3574.0,D
35,GEN,ROM,Bwin,3.80,3.50,1.91,9062.0,D
35,GEN,ROM,Bwin,3.75,3.40,1.95,10140.0,D
35,GEN,ROM,12Bet,3.20,3.30,2.27,1.0,D
35,GEN,ROM,12Bet,3.30,3.30,2.24,2.0,D
35,GEN,ROM,12Bet,3.20,3.30,2.27,3.0,D
35,GEN,ROM,12Bet,3.10,3.30,2.37,8.0,D
35,GEN,ROM,12Bet,3.15,3.30,2.33,12.0,D
35,GEN,ROM,12Bet,3.20,3.30,2.29,14.0,D
35,GEN,ROM,12Bet,3.10,3.30,2.37,15.0,D
35,GEN,ROM,12Bet,3.15,3.30,2.33,20.0,D
35,GEN,ROM,12Bet,3.20,3.30,2.32,24.0,D
35,GEN,ROM,12Bet,3.25,3.30,2.28,25.0,D
35,GEN,ROM,12Bet,3.30,3.30,2.25,28.0,D
35,GEN,ROM,12Bet,3.30,3.30,2.26,45.0,D
35,GEN,ROM,12Bet,3.25,3.30,2.28,48.0,D
35,GEN,ROM,12Bet,3.20,3.30,2.30,49.0,D
35,GEN,ROM,12Bet,3.25,3.30,2.26,51.0,D
35,GEN,ROM,12Bet,3.30,3.30,2.27,51.0,D
35,GEN,ROM,12Bet,3.35,3.30,2.23,56.0,D
35,GEN,ROM,12Bet,3.40,3.30,2.20,57.0,D
35,GEN,ROM,12Bet,3.40,3.30,2.21,82.0,D
35,GEN,ROM,12Bet,3.40,3.35,2.19,101.0,D
35,GEN,ROM,12Bet,3.50,3.35,2.16,113.0,D
35,GEN,ROM,12Bet,3.55,3.35,2.13,126.0,D
35,GEN,ROM,12Bet,3.60,3.35,2.10,134.0,D
35,GEN,ROM,12Bet,3.65,3.35,2.10,149.0,D
35,GEN,ROM,12Bet,3.65,3.35,2.09,208.0,D
35,GEN,ROM,12Bet,3.70,3.40,2.07,249.0,D
35,GEN,ROM,12Bet,3.65,3.40,2.10,260.0,D
35,GEN,ROM,12Bet,3.70,3.40,2.07,340.0,D
35,GEN,ROM,12Bet,3.75,3.40,2.05,351.0,D
35,GEN,ROM,12Bet,3.80,3.40,2.04,373.0,D
35,GEN,ROM,12Bet,3.80,3.40,2.03,375.0,D
35,GEN,ROM,12Bet,3.70,3.40,2.07,405.0,D
35,GEN,ROM,12Bet,3.70,3.40,2.06,426.0,D
35,GEN,ROM,12Bet,3.75,3.40,2.05,834.0,D
35,GEN,ROM,12Bet,3.70,3.40,2.06,926.0,D
35,GEN,ROM,12Bet,3.55,3.30,2.06,1074.0,D
35,GEN,ROM,12Bet,3.60,3.30,2.05,1125.0,D
35,GEN,ROM,12Bet,3.60,3.30,2.04,1279.0,D
35,GEN,ROM,12Bet,3.65,3.30,2.03,1309.0,D
35,GEN,ROM,12Bet,3.60,3.30,2.05,1313.0,D
35,GEN,ROM,12Bet,3.55,3.30,2.06,1361.0,D
35,GEN,ROM,12Bet,3.60,3.30,2.05,1642.0,D
35,GEN,ROM,12Bet,3.55,3.30,2.06,1760.0,D
35,GEN,ROM,12Bet,3.50,3.30,2.07,1884.0,D
35,GEN,ROM,12Bet,3.70,3.35,2.00,2050.0,D
35,GEN,ROM,12Bet,3.75,3.30,2.00,2958.0,D
35,GEN,ROM,12Bet,3.80,3.30,1.98,3255.0,D
35,GEN,ROM,12Bet,3.65,3.30,2.03,3617.0,D
35,GEN,ROM,12Bet,3.55,3.30,2.05,4307.0,D
35,GEN,ROM,12Bet,3.75,3.35,1.98,4309.0,D
35,GEN,ROM,12Bet,3.80,3.35,1.96,4312.0,D
35,GEN,ROM,12Bet,3.75,3.40,1.96,4570.0,D
35,GEN,ROM,12Bet,3.70,3.35,1.98,4616.0,D
35,GEN,ROM,12Bet,3.75,3.35,1.98,4710.0,D
35,GEN,ROM,12Bet,3.70,3.40,1.98,4712.0,D
35,GEN,ROM,12Bet,3.75,3.40,1.96,6541.0,D
35,GEN,ROM,12Bet,3.80,3.40,1.95,6719.0,D
35,GEN,ROM,12Bet,3.75,3.45,1.95,7161.0,D
35,GEN,ROM,12Bet,3.80,3.45,1.93,7321.0,D
35,GEN,ROM,12Bet,3.90,3.45,1.91,7494.0,D
35,GEN,ROM,12Bet,3.85,3.50,1.91,8317.0,D
35,GEN,ROM,12Bet,3.75,3.50,1.92,8441.0,D
35,GEN,ROM,12Bet,3.70,3.50,1.94,9644.0,D
35,GEN,ROM,12Bet,3.75,3.50,1.93,9802.0,D
35,GEN,ROM,12Bet,3.65,3.50,1.97,9822.0,D
35,GEN,ROM,12Bet,3.65,3.45,1.97,9827.0,D
35,GEN,ROM,12Bet,3.45,3.35,1.96,9836.0,D
35,GEN,ROM,12Bet,3.50,3.35,1.94,10724.0,D
35,GEN,ROM,12Bet,3.45,3.35,1.96,11374.0,D
35,GEN,ROM,12Bet,3.50,3.30,1.96,11375.0,D
35,GEN,ROM,12Bet,3.55,3.25,1.96,11391.0,D
35,GEN,ROM,12Bet,3.35,3.25,2.03,11499.0,D
35,GEN,ROM,12Bet,3.25,3.20,2.07,11505.0,D
35,GEN,ROM,12Bet,3.20,3.20,2.09,14391.0,D
35,GEN,ROM,12Bet,3.40,3.25,2.01,16922.0,D
35,GEN,ROM,12Bet,3.50,3.25,1.97,16925.0,D
35,GEN,ROM,12Bet,3.45,3.30,1.97,17074.0,D
35,GEN,ROM,12Bet,3.50,3.30,1.96,17123.0,D
35,NAP,CAG,Bet365,1.20,7.00,13.00,25.0,W
35,NAP,CAG,Bet365,1.22,7.00,12.00,42.0,W
35,NAP,CAG,Bet365,1.25,6.50,11.00,43.0,W
35,NAP,CAG,Bet365,1.22,7.00,12.00,44.0,W
35,NAP,CAG,Bet365,1.25,6.50,11.00,2020.0,W
35,NAP,CAG,Bet365,1.25,6.25,11.00,5376.0,W
35,NAP,CAG,Bet365,1.25,6.00,10.00,8276.0,W
35,NAP,CAG,Bet365,1.25,5.50,13.00,8680.0,W
35,NAP,CAG,Bet365,1.30,5.00,11.00,9649.0,W
35,NAP,CAG,Bet365,1.30,5.25,11.00,10368.0,W
35,NAP,CAG,Bet365,1.33,5.00,9.50,13118.0,W
35,NAP,CAG,Bet365,1.33,5.00,9.00,13791.0,W
35,NAP,CAG,Bet365,1.33,4.75,8.50,16400.0,W
35,NAP,CAG,Bet365,1.36,4.75,8.00,17258.0,W
35,NAP,CAG,WilliamHill,1.22,7.00,12.00,48.0,W
35,NAP,CAG,WilliamHill,1.22,7.00,11.00,51.0,W
35,NAP,CAG,WilliamHill,1.24,6.50,12.00,56.0,W
35,NAP,CAG,WilliamHill,1.24,6.50,11.00,110.0,W
35,NAP,CAG,WilliamHill,1.25,6.50,11.00,140.0,W
35,NAP,CAG,WilliamHill,1.25,6.00,12.00,720.0,W
35,NAP,CAG,WilliamHill,1.25,5.80,13.00,1153.0,W
35,NAP,CAG,WilliamHill,1.25,6.00,12.00,1577.0,W
35,NAP,CAG,WilliamHill,1.25,5.80,13.00,1584.0,W
35,NAP,CAG,WilliamHill,1.25,6.00,12.00,6521.0,W
35,NAP,CAG,WilliamHill,1.27,5.80,12.00,6524.0,W
35,NAP,CAG,WilliamHill,1.27,5.80,11.00,8441.0,W
35,NAP,CAG,WilliamHill,1.27,5.80,12.00,8454.0,W
35,NAP,CAG,WilliamHill,1.27,5.80,11.00,8471.0,W
35,NAP,CAG,WilliamHill,1.27,5.80,12.00,8486.0,W
35,NAP,CAG,WilliamHill,1.25,6.00,12.00,8664.0,W
35,NAP,CAG,WilliamHill,1.27,6.00,11.00,8677.0,W
35,NAP,CAG,WilliamHill,1.27,5.80,11.00,9413.0,W
35,NAP,CAG,WilliamHill,1.28,5.50,11.00,9494.0,W
35,NAP,CAG,WilliamHill,1.30,5.50,10.00,9502.0,W
35,NAP,CAG,WilliamHill,1.32,5.25,10.00,11647.0,W
35,NAP,CAG,WilliamHill,1.33,5.25,9.50,11899.0,W
35,NAP,CAG,WilliamHill,1.35,5.00,9.50,13162.0,W
35,NAP,CAG,WilliamHill,1.33,5.00,10.00,14108.0,W
35,NAP,CAG,WilliamHill,1.35,5.00,9.50,16226.0,W
35,NAP,CAG,WilliamHill,1.33,5.00,10.00,16230.0,W
35,NAP,CAG,WilliamHill,1.35,5.00,9.50,16237.0,W
35,NAP,CAG,WilliamHill,1.33,5.00,10.00,16240.0,W
35,NAP,CAG,WilliamHill,1.35,5.00,9.50,16251.0,W
35,NAP,CAG,WilliamHill,1.33,5.00,10.00,16258.0,W
35,NAP,CAG,WilliamHill,1.35,5.00,9.50,16265.0,W
35,NAP,CAG,WilliamHill,1.33,5.00,10.00,16269.0,W
35,NAP,CAG,WilliamHill,1.35,5.00,9.50,16276.0,W
35,NAP,CAG,WilliamHill,1.33,5.00,10.00,16297.0,W
35,NAP,CAG,WilliamHill,1.35,5.00,9.50,16301.0,W
35,NAP,CAG,WilliamHill,1.33,5.00,10.00,16305.0,W
35,NAP,CAG,WilliamHill,1.35,5.00,9.50,16315.0,W
35,NAP,CAG,WilliamHill,1.33,5.00,10.00,16319.0,W
35,NAP,CAG,WilliamHill,1.35,5.00,9.50,16329.0,W
35,NAP,CAG,WilliamHill,1.33,5.00,10.00,16333.0,W
35,NAP,CAG,WilliamHill,1.35,5.00,9.50,16336.0,W
35,NAP,CAG,WilliamHill,1.33,5.00,10.00,16340.0,W
35,NAP,CAG,WilliamHill,1.35,5.00,9.50,16357.0,W
35,NAP,CAG,WilliamHill,1.33,5.00,10.00,16361.0,W
35,NAP,CAG,WilliamHill,1.35,5.00,9.50,16389.0,W
35,NAP,CAG,WilliamHill,1.33,5.00,10.00,16393.0,W
35,NAP,CAG,WilliamHill,1.35,5.00,9.50,16404.0,W
35,NAP,CAG,WilliamHill,1.33,5.00,10.00,16451.0,W
35,NAP,CAG,WilliamHill,1.35,5.00,9.50,16455.0,W
35,NAP,CAG,WilliamHill,1.33,5.00,10.00,17012.0,W
35,NAP,CAG,WilliamHill,1.35,5.00,9.50,17047.0,W
35,NAP,CAG,WilliamHill,1.35,4.80,9.50,17072.0,W
35,NAP,CAG,WilliamHill,1.36,4.80,9.00,17075.0,W
35,NAP,CAG,WilliamHill,1.36,4.75,9.50,17200.0,W
35,NAP,CAG,WilliamHill,1.38,4.60,9.00,17223.0,W
35,NAP,CAG,WilliamHill,1.38,4.75,8.50,17346.0,W
35,NAP,CAG,Bwin,1.22,7.00,11.00,28.0,W
35,NAP,CAG,Bwin,1.25,6.00,12.00,472.0,W
35,NAP,CAG,Bwin,1.28,6.00,10.00,3748.0,W
35,NAP,CAG,Bwin,1.28,5.50,9.50,9208.0,W
35,NAP,CAG,Bwin,1.30,5.00,9.50,10283.0,W
35,NAP,CAG,12Bet,1.20,7.10,13.00,1.0,W
35,NAP,CAG,12Bet,1.21,7.00,12.00,4.0,W
35,NAP,CAG,12Bet,1.22,6.90,12.00,5.0,W
35,NAP,CAG,12Bet,1.22,6.80,12.00,6.0,W
35,NAP,CAG,12Bet,1.22,6.90,12.00,6.0,W
35,NAP,CAG,12Bet,1.22,6.80,12.00,8.0,W
35,NAP,CAG,12Bet,1.22,6.90,12.00,9.0,W
35,NAP,CAG,12Bet,1.21,7.00,12.00,23.0,W
35,NAP,CAG,12Bet,1.20,7.10,13.00,24.0,W
35,NAP,CAG,12Bet,1.21,7.00,12.00,27.0,W
35,NAP,CAG,12Bet,1.22,6.90,12.00,33.0,W
35,NAP,CAG,12Bet,1.21,7.00,12.00,34.0,W
35,NAP,CAG,12Bet,1.22,6.80,12.00,37.0,W
35,NAP,CAG,12Bet,1.23,6.70,11.00,46.0,W
35,NAP,CAG,12Bet,1.23,6.60,11.00,47.0,W
35,NAP,CAG,12Bet,1.23,6.60,12.00,48.0,W
35,NAP,CAG,12Bet,1.22,6.60,12.00,51.0,W
35,NAP,CAG,12Bet,1.23,6.50,11.00,52.0,W
35,NAP,CAG,12Bet,1.24,6.40,11.00,55.0,W
35,NAP,CAG,12Bet,1.24,6.30,11.00,60.0,W
35,NAP,CAG,12Bet,1.25,6.20,11.00,62.0,W
35,NAP,CAG,12Bet,1.24,6.30,11.00,68.0,W
35,NAP,CAG,12Bet,1.23,6.40,11.00,69.0,W
35,NAP,CAG,12Bet,1.24,6.30,11.00,70.0,W
35,NAP,CAG,12Bet,1.25,6.20,11.00,85.0,W
35,NAP,CAG,12Bet,1.25,6.10,10.00,86.0,W
35,NAP,CAG,12Bet,1.25,6.20,11.00,106.0,W
35,NAP,CAG,12Bet,1.25,6.10,11.00,112.0,W
35,NAP,CAG,12Bet,1.26,6.10,10.00,125.0,W
35,NAP,CAG,12Bet,1.25,6.10,11.00,127.0,W
35,NAP,CAG,12Bet,1.26,6.10,10.00,128.0,W
35,NAP,CAG,12Bet,1.25,6.10,11.00,133.0,W
35,NAP,CAG,12Bet,1.26,6.10,10.00,141.0,W
35,NAP,CAG,12Bet,1.25,6.10,11.00,147.0,W
35,NAP,CAG,12Bet,1.26,6.10,10.00,148.0,W
35,NAP,CAG,12Bet,1.25,6.10,11.00,167.0,W
35,NAP,CAG,12Bet,1.26,6.10,10.00,169.0,W
35,NAP,CAG,12Bet,1.25,6.10,11.00,178.0,W
35,NAP,CAG,12Bet,1.26,6.10,10.00,181.0,W
35,NAP,CAG,12Bet,1.25,6.10,11.00,184.0,W
35,NAP,CAG,12Bet,1.26,6.10,10.00,192.0,W
35,NAP,CAG,12Bet,1.25,6.10,11.00,194.0,W
35,NAP,CAG,12Bet,1.26,6.10,10.00,198.0,W
35,NAP,CAG,12Bet,1.25,6.10,11.00,198.0,W
35,NAP,CAG,12Bet,1.27,6.00,10.00,200.0,W
35,NAP,CAG,12Bet,1.28,6.00,10.00,201.0,W
35,NAP,CAG,12Bet,1.27,6.00,11.00,202.0,W
35,NAP,CAG,12Bet,1.26,6.10,11.00,203.0,W
35,NAP,CAG,12Bet,1.27,6.00,11.00,208.0,W
35,NAP,CAG,12Bet,1.26,6.10,11.00,312.0,W
35,NAP,CAG,12Bet,1.27,6.00,11.00,355.0,W
35,NAP,CAG,12Bet,1.27,5.90,10.00,359.0,W
35,NAP,CAG,12Bet,1.27,6.00,11.00,371.0,W
35,NAP,CAG,12Bet,1.26,6.10,11.00,391.0,W
35,NAP,CAG,12Bet,1.27,6.00,11.00,400.0,W
35,NAP,CAG,12Bet,1.26,6.10,11.00,470.0,W
35,NAP,CAG,12Bet,1.27,6.00,11.00,478.0,W
35,NAP,CAG,12Bet,1.26,6.10,11.00,520.0,W
35,NAP,CAG,12Bet,1.27,6.00,11.00,637.0,W
35,NAP,CAG,12Bet,1.26,6.00,11.00,763.0,W
35,NAP,CAG,12Bet,1.26,6.10,11.00,775.0,W
35,NAP,CAG,12Bet,1.27,6.00,11.00,984.0,W
35,NAP,CAG,12Bet,1.26,6.00,11.00,1071.0,W
35,NAP,CAG,12Bet,1.26,5.40,11.00,1274.0,W
35,NAP,CAG,12Bet,1.25,5.40,12.00,1592.0,W
35,NAP,CAG,12Bet,1.25,5.50,12.00,4197.0,W
35,NAP,CAG,12Bet,1.26,5.40,11.00,4629.0,W
35,NAP,CAG,12Bet,1.26,5.30,11.00,4709.0,W
35,NAP,CAG,12Bet,1.27,5.30,11.00,5970.0,W
35,NAP,CAG,12Bet,1.26,5.40,11.00,5971.0,W
35,NAP,CAG,12Bet,1.27,5.30,11.00,7007.0,W
35,NAP,CAG,12Bet,1.27,5.20,11.00,7009.0,W
35,NAP,CAG,12Bet,1.28,5.20,10.00,7660.0,W
35,NAP,CAG,12Bet,1.29,5.10,10.00,7939.0,W
35,NAP,CAG,12Bet,1.27,5.20,11.00,8455.0,W
35,NAP,CAG,12Bet,1.27,5.30,11.00,8486.0,W
35,NAP,CAG,12Bet,1.26,5.40,11.00,8680.0,W
35,NAP,CAG,12Bet,1.27,5.30,11.00,8681.0,W
35,NAP,CAG,12Bet,1.27,5.20,11.00,9333.0,W
35,NAP,CAG,12Bet,1.29,5.10,10.00,9339.0,W
35,NAP,CAG,12Bet,1.30,5.00,10.00,9396.0,W
35,NAP,CAG,12Bet,1.29,5.00,10.00,9417.0,W
35,NAP,CAG,12Bet,1.30,4.95,10.00,9418.0,W
35,NAP,CAG,12Bet,1.31,4.90,9.90,9498.0,W
35,NAP,CAG,12Bet,1.32,4.75,9.40,9807.0,W
35,NAP,CAG,12Bet,1.34,4.70,9.00,9974.0,W
35,NAP,CAG,12Bet,1.33,4.65,9.20,9976.0,W
35,NAP,CAG,12Bet,1.33,4.70,9.50,9977.0,W
35,NAP,CAG,12Bet,1.33,4.65,8.00,9987.0,W
35,NAP,CAG,12Bet,1.32,4.70,8.30,10374.0,W
35,NAP,CAG,12Bet,1.34,4.55,7.70,11912.0,W
35,NAP,CAG,12Bet,1.34,4.55,8.00,11914.0,W
35,NAP,CAG,12Bet,1.34,4.50,8.00,14108.0,W
35,NAP,CAG,12Bet,1.37,4.40,7.40,16167.0,W
35,NAP,CAG,12Bet,1.37,4.35,7.20,17075.0,W
35,NAP,CAG,12Bet,1.37,4.30,7.30,17076.0,W
35,NAP,CAG,12Bet,1.40,4.20,6.80,17274.0,W
35,MIL,BOL,Bet365,1.83,3.50,4.75,4.0,W
35,MIL,BOL,Bet365,1.80,3.60,4.75,18.0,W
35,MIL,BOL,Bet365,1.75,3.60,5.00,23.0,W
35,MIL,BOL,Bet365,1.72,3.75,5.00,39.0,W
35,MIL,BOL,Bet365,1.66,3.80,5.25,148.0,W
35,MIL,BOL,Bet365,1.65,3.80,5.50,398.0,W
35,MIL,BOL,Bet365,1.60,3.80,6.00,3346.0,W
35,MIL,BOL,Bet365,1.65,3.75,5.50,6816.0,W
35,MIL,BOL,Bet365,1.72,3.60,4.75,11395.0,W
35,MIL,BOL,Bet365,1.75,3.60,4.75,11403.0,W
35,MIL,BOL,Bet365,1.70,4.00,4.50,11529.0,W
35,MIL,BOL,Bet365,1.61,4.00,5.00,15636.0,W
35,MIL,BOL,Bet365,1.53,4.20,5.75,17728.0,W
35,MIL,BOL,Bet365,1.50,4.33,6.00,18698.0,W
35,MIL,BOL,WilliamHill,1.80,3.40,5.00,11.0,W
35,MIL,BOL,WilliamHill,1.78,3.50,5.00,14.0,W
35,MIL,BOL,WilliamHill,1.80,3.40,5.00,18.0,W
35,MIL,BOL,WilliamHill,1.78,3.50,5.00,21.0,W
35,MIL,BOL,WilliamHill,1.75,3.50,5.25,28.0,W
35,MIL,BOL,WilliamHill,1.73,3.60,5.25,33.0,W
35,MIL,BOL,WilliamHill,1.70,3.60,5.50,168.0,W
35,MIL,BOL,WilliamHill,1.67,3.70,5.50,185.0,W
35,MIL,BOL,WilliamHill,1.65,3.70,5.80,219.0,W
35,MIL,BOL,WilliamHill,1.63,3.70,6.00,261.0,W
35,MIL,BOL,WilliamHill,1.63,3.75,5.80,270.0,W
35,MIL,BOL,WilliamHill,1.61,3.75,6.00,355.0,W
35,MIL,BOL,WilliamHill,1.61,3.80,5.80,362.0,W
35,MIL,BOL,WilliamHill,1.61,3.75,6.00,384.0,W
35,MIL,BOL,WilliamHill,1.63,3.70,6.00,413.0,W
35,MIL,BOL,WilliamHill,1.63,3.75,5.80,419.0,W
35,MIL,BOL,WilliamHill,1.63,3.70,6.00,424.0,W
35,MIL,BOL,WilliamHill,1.63,3.75,5.80,430.0,W
35,MIL,BOL,WilliamHill,1.63,3.70,6.00,434.0,W
35,MIL,BOL,WilliamHill,1.63,3.75,5.80,454.0,W
35,MIL,BOL,WilliamHill,1.61,3.75,6.00,456.0,W
35,MIL,BOL,WilliamHill,1.63,3.75,5.80,467.0,W
35,MIL,BOL,WilliamHill,1.61,3.75,6.00,474.0,W
35,MIL,BOL,WilliamHill,1.63,3.70,6.00,480.0,W
35,MIL,BOL,WilliamHill,1.61,3.75,6.00,491.0,W
35,MIL,BOL,WilliamHill,1.63,3.75,5.80,493.0,W
35,MIL,BOL,WilliamHill,1.63,3.70,6.00,500.0,W
35,MIL,BOL,WilliamHill,1.61,3.75,6.00,683.0,W
35,MIL,BOL,WilliamHill,1.61,3.80,5.80,689.0,W
35,MIL,BOL,WilliamHill,1.61,3.75,6.00,736.0,W
35,MIL,BOL,WilliamHill,1.60,3.80,6.00,757.0,W
35,MIL,BOL,WilliamHill,1.61,3.80,6.00,762.0,W
35,MIL,BOL,WilliamHill,1.61,3.80,5.80,847.0,W
35,MIL,BOL,WilliamHill,1.60,3.90,6.00,851.0,W
35,MIL,BOL,WilliamHill,1.60,3.90,5.80,1008.0,W
35,MIL,BOL,WilliamHill,1.60,3.80,6.00,1436.0,W
35,MIL,BOL,WilliamHill,1.61,3.80,5.80,1446.0,W
35,MIL,BOL,WilliamHill,1.60,3.80,6.00,1633.0,W
35,MIL,BOL,WilliamHill,1.60,3.90,6.00,3269.0,W
35,MIL,BOL,WilliamHill,1.57,4.00,6.00,3273.0,W
35,MIL,BOL,WilliamHill,1.57,3.90,6.00,3286.0,W
35,MIL,BOL,WilliamHill,1.60,4.00,5.80,3291.0,W
35,MIL,BOL,WilliamHill,1.60,3.90,6.00,3295.0,W
35,MIL,BOL,WilliamHill,1.60,3.90,5.80,3364.0,W
35,MIL,BOL,WilliamHill,1.61,3.80,5.80,3386.0,W
35,MIL,BOL,WilliamHill,1.63,3.80,5.80,3528.0,W
35,MIL,BOL,WilliamHill,1.63,3.75,5.80,4071.0,W
35,MIL,BOL,WilliamHill,1.65,3.75,5.80,4077.0,W
35,MIL,BOL,WilliamHill,1.65,3.80,5.50,4080.0,W
35,MIL,BOL,WilliamHill,1.65,3.75,5.80,4210.0,W
35,MIL,BOL,WilliamHill,1.65,3.80,5.50,4263.0,W
35,MIL,BOL,WilliamHill,1.65,3.75,5.80,4585.0,W
35,MIL,BOL,WilliamHill,1.65,3.70,5.80,6297.0,W
35,MIL,BOL,WilliamHill,1.65,3.75,5.50,9829.0,W
35,MIL,BOL,WilliamHill,1.67,3.70,5.50,9902.0,W
35,MIL,BOL,WilliamHill,1.67,3.75,5.50,10154.0,W
35,MIL,BOL,WilliamHill,1.67,3.70,5.50,10490.0,W
35,MIL,BOL,WilliamHill,1.70,3.70,5.25,10938.0,W
35,MIL,BOL,WilliamHill,1.70,3.60,5.50,11356.0,W
35,MIL,BOL,WilliamHill,1.70,3.70,5.25,11384.0,W
35,MIL,BOL,WilliamHill,1.70,3.60,5.50,11390.0,W
35,MIL,BOL,WilliamHill,1.73,3.60,5.25,11402.0,W
35,MIL,BOL,WilliamHill,1.75,3.50,5.25,11428.0,W
35,MIL,BOL,WilliamHill,1.73,3.60,5.25,11438.0,W
35,MIL,BOL,WilliamHill,1.70,3.60,5.50,11531.0,W
35,MIL,BOL,WilliamHill,1.65,3.70,5.80,11533.0,W
35,MIL,BOL,WilliamHill,1.63,3.70,6.00,11904.0,W
35,MIL,BOL,WilliamHill,1.60,3.80,6.00,15491.0,W
35,MIL,BOL,WilliamHill,1.60,3.90,5.80,15499.0,W
35,MIL,BOL,WilliamHill,1.60,3.80,6.00,15525.0,W
35,MIL,BOL,WilliamHill,1.57,3.90,6.50,17723.0,W
35,MIL,BOL,WilliamHill,1.57,3.80,6.50,17840.0,W
35,MIL,BOL,WilliamHill,1.55,3.80,7.00,18484.0,W
35,MIL,BOL,WilliamHill,1.55,4.00,6.50,18487.0,W
35,MIL,BOL,WilliamHill,1.53,3.90,7.00,18504.0,W
35,MIL,BOL,WilliamHill,1.52,4.00,7.00,18628.0,W
35,MIL,BOL,WilliamHill,1.53,4.00,6.50,18663.0,W
35,MIL,BOL,WilliamHill,1.53,4.00,7.00,18786.0,W
35,MIL,BOL,Bwin,1.78,3.40,5.00,3.0,W
35,MIL,BOL,Bwin,1.70,3.60,5.50,36.0,W
35,MIL,BOL,Bwin,1.62,3.75,6.00,3223.0,W
35,MIL,BOL,Bwin,1.67,3.70,5.50,5183.0,W
35,MIL,BOL,Bwin,1.67,3.70,5.00,9131.0,W
35,MIL,BOL,Bwin,1.70,3.60,5.00,10515.0,W
35,MIL,BOL,Bwin,1.70,3.60,4.80,10644.0,W
35,MIL,BOL,Bwin,1.70,3.70,4.75,11517.0,W
35,MIL,BOL,Bwin,1.60,3.75,5.50,11715.0,W
35,MIL,BOL,12Bet,1.89,3.45,4.40,2.0,W
35,MIL,BOL,12Bet,1.87,3.45,4.45,6.0,W
35,MIL,BOL,12Bet,1.85,3.45,4.55,9.0,W
35,MIL,BOL,12Bet,1.85,3.45,4.60,10.0,W
35,MIL,BOL,12Bet,1.87,3.45,4.50,11.0,W
35,MIL,BOL,12Bet,1.85,3.45,4.55,13.0,W
35,MIL,BOL,12Bet,1.87,3.45,4.45,14.0,W
35,MIL,BOL,12Bet,1.85,3.50,4.55,16.0,W
35,MIL,BOL,12Bet,1.87,3.45,4.45,17.0,W
35,MIL,BOL,12Bet,1.85,3.50,4.55,19.0,W
35,MIL,BOL,12Bet,1.83,3.50,4.65,21.0,W
35,MIL,BOL,12Bet,1.81,3.50,4.75,22.0,W
35,MIL,BOL,12Bet,1.79,3.55,4.85,28.0,W
35,MIL,BOL,12Bet,1.77,3.55,4.95,31.0,W
35,MIL,BOL,12Bet,1.75,3.60,5.10,31.0,W
35,MIL,BOL,12Bet,1.77,3.55,4.95,39.0,W
35,MIL,BOL,12Bet,1.75,3.60,5.10,45.0,W
35,MIL,BOL,12Bet,1.73,3.60,5.20,47.0,W
35,MIL,BOL,12Bet,1.72,3.60,5.20,89.0,W
35,MIL,BOL,12Bet,1.70,3.60,5.40,92.0,W
35,MIL,BOL,12Bet,1.72,3.60,5.20,110.0,W
35,MIL,BOL,12Bet,1.70,3.60,5.40,115.0,W
35,MIL,BOL,12Bet,1.72,3.60,5.20,115.0,W
35,MIL,BOL,12Bet,1.70,3.60,5.40,117.0,W
35,MIL,BOL,12Bet,1.72,3.60,5.20,140.0,W
35,MIL,BOL,12Bet,1.72,3.65,5.10,151.0,W
35,MIL,BOL,12Bet,1.70,3.70,5.20,152.0,W
35,MIL,BOL,12Bet,1.71,3.65,5.20,157.0,W
35,MIL,BOL,12Bet,1.70,3.65,5.30,165.0,W
35,MIL,BOL,12Bet,1.70,3.65,5.20,168.0,W
35,MIL,BOL,12Bet,1.68,3.70,5.40,170.0,W
35,MIL,BOL,12Bet,1.70,3.65,5.20,174.0,W
35,MIL,BOL,12Bet,1.70,3.70,5.20,178.0,W
35,MIL,BOL,12Bet,1.73,3.65,5.00,179.0,W
35,MIL,BOL,12Bet,1.71,3.65,5.10,182.0,W
35,MIL,BOL,12Bet,1.69,3.70,5.30,185.0,W
35,MIL,BOL,12Bet,1.71,3.65,5.20,189.0,W
35,MIL,BOL,12Bet,1.69,3.70,5.30,210.0,W
35,MIL,BOL,12Bet,1.67,3.75,5.40,214.0,W
35,MIL,BOL,12Bet,1.67,3.70,5.40,219.0,W
35,MIL,BOL,12Bet,1.67,3.75,5.40,237.0,W
35,MIL,BOL,12Bet,1.67,3.70,5.40,239.0,W
35,MIL,BOL,12Bet,1.67,3.75,5.40,240.0,W
35,MIL,BOL,12Bet,1.69,3.70,5.30,262.0,W
35,MIL,BOL,12Bet,1.67,3.75,5.40,262.0,W
35,MIL,BOL,12Bet,1.69,3.70,5.30,263.0,W
35,MIL,BOL,12Bet,1.67,3.75,5.40,269.0,W
35,MIL,BOL,12Bet,1.65,3.75,5.60,271.0,W
35,MIL,BOL,12Bet,1.67,3.75,5.40,287.0,W
35,MIL,BOL,12Bet,1.67,3.70,5.40,294.0,W
35,MIL,BOL,12Bet,1.67,3.70,5.50,313.0,W
35,MIL,BOL,12Bet,1.65,3.75,5.60,342.0,W
35,MIL,BOL,12Bet,1.64,3.75,5.90,351.0,W
35,MIL,BOL,12Bet,1.64,3.75,5.80,367.0,W
35,MIL,BOL,12Bet,1.66,3.75,5.70,398.0,W
35,MIL,BOL,12Bet,1.66,3.70,5.70,403.0,W
35,MIL,BOL,12Bet,1.68,3.70,5.50,413.0,W
35,MIL,BOL,12Bet,1.66,3.70,5.70,450.0,W
35,MIL,BOL,12Bet,1.66,3.75,5.70,468.0,W
35,MIL,BOL,12Bet,1.64,3.75,5.80,512.0,W
35,MIL,BOL,12Bet,1.64,3.80,5.80,655.0,W
35,MIL,BOL,12Bet,1.64,3.75,5.80,708.0,W
35,MIL,BOL,12Bet,1.65,3.75,5.70,735.0,W
35,MIL,BOL,12Bet,1.64,3.75,5.80,785.0,W
35,MIL,BOL,12Bet,1.65,3.75,5.70,815.0,W
35,MIL,BOL,12Bet,1.64,3.75,5.80,986.0,W
35,MIL,BOL,12Bet,1.62,3.80,6.00,988.0,W
35,MIL,BOL,12Bet,1.64,3.75,5.80,1094.0,W
35,MIL,BOL,12Bet,1.63,3.55,5.70,1592.0,W
35,MIL,BOL,12Bet,1.63,3.55,5.80,3357.0,W
35,MIL,BOL,12Bet,1.67,3.50,5.40,6303.0,W
35,MIL,BOL,12Bet,1.67,3.55,5.30,8132.0,W
35,MIL,BOL,12Bet,1.68,3.55,5.20,9802.0,W
35,MIL,BOL,12Bet,1.66,3.60,5.40,9828.0,W
35,MIL,BOL,12Bet,1.68,3.55,5.20,10155.0,W
35,MIL,BOL,12Bet,1.72,3.50,4.95,11235.0,W
35,MIL,BOL,12Bet,1.71,3.50,5.10,11397.0,W
35,MIL,BOL,12Bet,1.73,3.45,4.95,11404.0,W
35,MIL,BOL,12Bet,1.77,3.40,4.70,11404.0,W
35,MIL,BOL,12Bet,1.79,3.40,4.60,11417.0,W
35,MIL,BOL,12Bet,1.79,3.35,3.95,11437.0,W
35,MIL,BOL,12Bet,1.73,3.40,4.25,11530.0,W
35,MIL,BOL,12Bet,1.76,3.35,4.10,11531.0,W
35,MIL,BOL,12Bet,1.70,3.40,4.35,11532.0,W
35,MIL,BOL,12Bet,1.66,3.50,4.65,11906.0,W
35,MIL,BOL,12Bet,1.64,3.50,4.80,11906.0,W
35,MIL,BOL,12Bet,1.61,3.55,5.00,12768.0,W
35,MIL,BOL,12Bet,1.60,3.55,5.10,17728.0,W
35,MIL,BOL,12Bet,1.58,3.60,5.20,17728.0,W
35,MIL,BOL,12Bet,1.58,3.60,5.30,17729.0,W
35,MIL,BOL,12Bet,1.56,3.65,5.40,18490.0,W
35,MIL,BOL,12Bet,1.56,3.65,5.30,18514.0,W
35,MIL,BOL,12Bet,1.54,3.70,5.50,18714.0,W
